name,
アージュレス,
アースセラプティクス,
アーダブレーン,
アーダン,
アーチフィッター,
アーデル,
アーニー,
アーニーズ,
アーバン,
アーユルベーダオイル,
アールエムケー,
アールエルシリーズ,
アールスリー,
アール・ツー・オー,
アイオペ,
アイズ,
アイドロシー,
アイブロウキュアー,
アイボリー,
アイリーバギー,
アヴァンセ,
アオイコスメティックス,
アカイシ,
アクアディパルマ,
アクアフェアリー,
アクア・マドンナ,
アクアミスティーク,
アクアレーベル,
アクアロック,
アクアヴィ,
アクオリナ,
アクセーヌ,
アクネスラボ,
アクネバリア,
アザロ,
アジアチカ,
アジエンス,
アジュバン,
アスアナ,
アスタリフト,
アスティ,
アスミカ,
アセント石鹸,
アダバイオ,
アッカカッパ,
アックス,
アットマユカラー,
アテニア,
アディクション,
アデルマ,
アトパーム,
アドム,
アナスイ,
アナスタシア,
アナリュテージ,
アニエスベー,
アネキャン,
アネッサ,
アバロンオーガニクス,
アパガード,
アビエルタ,
アビジェル,
アピュア,
アベンヌ,
アペックス,
アマーユ,
アマビリス,
アミノリセ,
アミューレ,
アムアージュ,
アムリターラ,
アメツチ,
アモーレパシフィック,
アラウ,
アラウベビー,
アラガン,
アラミス,
アランドロン,
アリィー,
アリタウム,
アリミノ,
アリム,
アルージェ,
アルガンドール,
アルキミア,
アルゴテルム,
アルサイエンス,
アルジタル,
アルテ,
アルティ,
アルバ,
アルバボタニカ,
アルビオン,
アルマードラディーナ,
アルムドダウム,
アルメディック,
アレス,
アロバーチ,
アロマエッセ,
アロマコンセプト,
アロマセラピーアソシエイツ,
アロマティックココ,
アロモンヌ,
アロヴィヴィ,
アンエラ,
アンジェ,
アンジュリン,
アンスクレ,
アンスティテュ・トレ・ビアン,
アンダーテン,
アンテノーブル,
アンデプラン,
アンドフェイス,
アンドラティア,
アンナトゥモール,
アンネマリー・ボーリンド,
アンバーボタニカル,
アンビオ,
アンファー,
アンブラ,
アンブリオウス,
アンプルール,
アンリュクス,
イーオー,
イーカオス,
イーテック,
イーノ,
イーハイフン,
イープ,
イヴサンローラン,
イオナ,
イオミスト,
イクス,
イゴール,
石澤研究所,
イソップ,
イソラル,
イタヤ,
いち髪,
一凛,
イッセイミヤケ,
イッツスキン,
イニスフリー,
イビザ,
イプサ,
イミュ,
イリアール,
イリュージュ,
イリューム,
イルブリール,
彩,
いわみ,
インウイアイディー,
インスパイリングミカコ,
インティ・バリ,
インテグレート,
インテグレートグレイシィ,
インナーシグナル,
インフィオレ,
イン・プレス,
インレッド,
イヴロム,
ヴィクトリアシークレット,
ヴィセ,
ウィムーン,
ウィッチズポーチ,
ウーノ,
ウーマ,
ウェルチ,
ウェレジーナ,
ウェン,
ウエラ,
ウエルテック,
ウォースノース,
ウオルグリーン,
ウカ,
ウッズオブウィンザー,
ウテナ,
ウトガリア,
うふふ,
ウラヘンリクセン,
ウリベート,
うるおって,
ウルテクラム,
潤,
ヴァーナル,
ヴァセリン,
ヴァルモン,
ヴァンサンカン,
ヴァンテロ,
ヴィア・パリス,
ヴィータ,
ヴィート,
ヴィーナス,
ヴィーナススパ,
ヴィザージュ,
ヴィタマン,
ヴィ・タラソ,
ヴィダルサスーン,
ヴィラボ,
ヴィヴィ,
ヴイガール,
ヴェリィ,
ヴェリマ,
ヴェルトゥー,
ヴォイッジ,
ヴォーグニッポン,
ヴォーチェ,
ヴォス,
ヴリンダヴァン,
エアー,
エイシア,
エイチアンドエス,
エイチフォーユー,
エイブ,
エイベックス・マーケティング,
エーアイビー,
エーアンドエス,
エーエスシーアットホーム,
エーシー,
エーシーメイクアップ,
エクサ,
エクスボーテ,
エクセル,
エクセルーラ,
エクチャーム,
エクリナル,
エコ,
エスカーダ,
エスカワイイ,
エスケーツー,
エスケード,
エスティローダー,
エステー,
エステダム,
エスト,
エスプリーク,
エスポア,
エスポッシュ,
エスポワール,
エス・ユニーク,
エターナルベーシック,
エチュード,
エチュードハウス,
エッグ,
エッシー,
エッセンシャル,
エッソンシュエル,
エティート,
エテュセ,
エヌ,
エバーナット,
エバメール,
エビアン,
エビータ,
エフアンドエル,
エフラ,
エミュール,
エムアイエムシー,
エム・エス・エイチ,
エムココロ,
エムコスメ,
エムディ,
エメルコスメティックス,
エモダ,
エラバシェ,
エリクシール,
エリコネイル,
エリシーナ,
エリシャコイ,
素数,
エルエスシー,
エル・ガール,
エルシーラブコスメ,
エル・ジャポン,
エルバビーバ,
エルメス,
エルリ,
エレガンス,
エレンス,
エロイカ,
エンシア,
エンジェルハート,
エンジェルリップル,
エンドジーナス,
エンビロン,
エヴァトーン,
オーセル澡,
オー,
オーアールピートーキョー,
オーガニーク,
オーガニックファーマシー,
オーガニックボタニクス,
大島椿,
オージュア,
大塚製薬,
オーディ,
オードムーゲ,
オードリーズロンドン,
オービアン,
オーピーセラピー,
オーブクチュール,
オーブリーオーガニクス,
オーラ,
オーラサイエンス,
オーラツー,
オーリー,
オーロメア,
オキシー,
オザリー,
オスパス,
オッジ,
オトメール,
おはこ,
オバジ,
オフィチナリ・ディ・モンタウト,
オブコスメティックス,
オペーク,
オペラ,
オミザAGソープ,
オムロン,
オリジンズ,
オリプレ,
オルガニック,
オルビス,
オルラーヌ,
オレイ,
オンディーヌ,
カークランドシグニチャー,
カースティン・フロリアン,
カイエナジー,
カイラ,
カウシェッド,
カウブランド,
花王,
カツウラ,
カティエ,
カドラ,
カネボウ,
カバーマーク,
カミヤマ美研,
カムリービオロゼ,
カモケアー,
カラノーム,
カリエカリエ,
カリンダ,
カルゴン,
カルジェル,
カルテクリニティ,
カルトゥージア,
カルバンクライン,
カンタベリーローズ,
ガールアクティック,
ガイアエヌピー,
ガイアナチュラルベビー,
ガイアメディ,
ガスール,
ガマルド,
ガミラシークレット,
ガム,
ガレニーク,
キ,
キアリエ,
キーオ,
キーズ,
キールズ,
菊正宗,
キス,
キスミーフェルム,
キスユー,
キッカ,
キャシーキャット,
キャッティーパーティー,
キャメルアイズ,
キャロルフランク,
キャンキャン,
キャンティドーレ,
キャンメイク,
キューサイ,
休足時間,
キューティ,
キラ,
金印,
ギノー,
ギブ＆ギブ,
ギャツビー,
牛乳石鹸,
クウ,
クシュ,
クナイプ,
熊野化粧筆,
クライミー,
クラシエ,
クラッシィ,
クラランス,
クリアクリーン,
クリアターン,
クリアラスト,
クリーン,
クリオ,
クリスチャンディオール,
クリスチャンモード,
クリニーク,
クリニエール,
クリヤ,
クルーガーハーブ,
クレア,
クレアラシル,
クレール,
クレオパトラ,
クレ・ド・ポーボーテ,
クレビュー,
クレンジングリサーチ,
クロエ,
クロガミ,
クロップ,
クロバーコーポレーション,
クロラーヌ,
クヴォンデミニム,
グッチ,
グラッドラッグス,
グラマラス,
グランサンボン,
グランズレメディ,
グリーンノート,
グリッター,
グリナ,
グレ,
グレード,
グロッセ,
毛穴撫子,
ケアラボ,
ケイト,
ケイトモス,
ケーパレット,
ケープ,
ケサランパサラン,
ケユカ,
ケラスターゼ,
ケンゾー,
ケント,
ゲーウォール,
ゲットフレッシュ,
ゲラン,
ゲルファミリー,
コア,
コアレム,
コイズミ,
江原道,
コウンセサン,
コエサム,
コージーコージー,
コージー本舗,
コースト,
コーセー,
コーダリー,
コスメデコルテ,
コタ,
コタアイケア,
コットンムーン,
コテ・バスティッド,
コパ・ハイク,
コフレドール,
コラージュ,
コラビクス,
コラントッテ,
コリアナ,
コリー,
コリンヌ・ド・プロヴァンス,
コンフォートパッド,
ゴウシャ,
ゴシッププレス,
サージェ,
サーマシルク,
サイクリック,
サイセ,
サキナ,
サクセス,
ササワシ,
サティス,
サドングロー,
サナ,
サノフロール,
さ姫,
サベックス,
サボニーズ,
サボン,
サボン・デ・シエスタ,
さらつゆプラス,
サラハップ,
サルヴァトーレフェラガモ,
サロンドプロ,
サロンスタイル,
32℃,
サンスター,
サンタマリアノヴェッラ,
サンバリア100,
サンペレグリノ,
サンリオ,
ザー,
ザ・ツールス,
ザ・フィトンチッド,
ザ・フェイスショップ,
ザ・ボディ＆バスショップ,
ザボディショップ,
しあわせ本舗,
シアンスナチュレル,
シーアンドサン,
シーエーイチマルイチ,
シーエーシー化粧品,
シークレットガーデン,
シーザースワールド,
シーズー,
シーブリーズ,
シーマ,
シーユーアール,
シーラーデルソルフォーアスリート,
詩麗雅,
シェリキサーポウ,
シェルクルール,
シエル,
シエロ,
塩美人,
シゲタ,
紫根,
シスナンバー・ナイン,
シスレー,
資生堂,
シセラ,
シティリップ,
シトロン,
シノワプリュス,
シャインアップ,
シャステート,
シャネル,
シャンソン化粧品,
シャンタル・トーマス,
シュウウエムラ,
シュガー,
シュプール,
シュワルツコフ,
シュンビソウ,
シルクミュージアムヨコハマ,
シロ,
深花,
新日本製薬,
シンビジャパン,
シンピュルテ,
シンプリス,
ジアジャ,
ジーエー,
ジージー・シーシー,
ジートゥ,
ジーニー,
ジェーカサノバ,
ジェイジェイ,
ジェイソン,
ジェイデルポゾ,
ジェーシープログラム,
ジェオマール,
ジェシーズフェイバリッツ,
ジェシカ,
ジェット,
ジェナティック,
ジェパーリー,
ジェフリーフルビマーリ,
ジェムケリー,
自生秀,
ジゼル,
ジッパー,
ジバンシー,
ジャンニヴェルサーチ,
ジャンヌアルテス,
ジャンポールゴルチエ,
ジュースビューティ,
ジュエティ,
ジュスティーヌ,
ジュナシス,
ジュビラン,
ジュブリー,
ジュランジェ,
ジュリーク,
ジュレリッチ,
ジュンコクラッシック,
ジョーバン,
ジョーマローンロンドン,
ジョバンニ,
ジョルジオアルマーニ,
ジョンソン・エンド・ジョンソン,
ジョンソンベビー,
ジョンマスターオーガニック,
ジルカンチュエル,
ジルスチュアート,
スィートコットン,
スイーツケア,
スイサイ,
スウィーツスウィーツ,
スウィート,
スーザンポスニック,
スージーニューヨーク,
スーパースマイル,
スエ,
スカリーズ,
スカルプD,
スキンアクア,
スキンウィズイン,
スキン・シューティカルズ,
スキンフード,
スキンライフ,
スクワール,
スターオブザカラー,
スティーブンノル,
ステディ,
ステラシード,
ストーリィ,
ストリップ,
ストローラー,
スナオクワハラ,
スノーヴァ,
素肌畑,
スパ,
スパトリートメント,
スパリチュアル,
スピック,
スプリング,
スマイリングブルー,
スマイル,
スマイルプライス,
スム37°,
スリーシーイー,
スリー,
スリーエム,
スリージーケアー,
スンダリ,
ズィービガッティ,
セアージュ,
セイイチカナイ,
生活の木,
セイコー,
セイヤーズ,
セージ,
セザンヌ,
セシェ,
雪肌粋,
雪肌精,
セフィーヌ,
セフテイ,
セブンツーセブン,
セブンティーン,
セブンディー,
セラ,
セラ,
セラウス,
セラムデュー,
セリーヌ,
セリス,
セルケア,
セルコスメ,
セルバンク,
セルフュージョンシー,
セレヴィーナ,
セレスシャルセンツ,
セレブ,
洗顔専科,
センスネイチャー,
センセイシャボタニカルズ,
センチュリー,
セントジェームス,
せんねん灸,
ゼニアピーエイチシー,
ソウアカダ,
ソウカモッカ,
そうび,
ソーソーロ,
ソティス,
ソニアリキエル,
ソノコ,
ソフィーナ,
ソフィーナグレイス,
ソフィーナボーテ,
ソフティモ,
ソフトソープ,
ソヤファーム,
ソラレー,
雪花秀,
ソレオオーガニックス,
ゾエ,
ゾーヤ,
ターゲット,
大正,
大正製薬,
タイムアンドスペース,
タウトロッフェン,
タウハウス,
タカミ,
多蘂,
タッチ,
タテガミ,
タリカ,
タルト,
タン,
ダーマE,
ダーマロジカ,
ダイアル,
第一三共ヘルスケア,
ダイラ,
ダソダ,
ダドセンス,
ダナエ,
ダビドフ,
ダブルリッチ,
ダリヤ,
ダンヒル,
ダヴ,
チェリッシュ,
チェルラー,
チコニア,
チコリ,
チタニア,
ちふれ,
チャームネイル,
チャーリー,
チャコットフォープロフェッショナルズ,
茶宝,
チャスティ,
チューンメーカーズ,
ツイーザーマン,
ツバキ,
鶴米,
ツルリ,
ティアラビジュ,
ティアリー,
ティーエフシー,
ティーティーエス,
ティナント,
ティービーシー,
ティファニー,
ティヤ,
ティンタウニータ,
テテュス,
テラクオーレ,
ディアナチュラ,
ディアマンセル,
ディアモール,
ディーアップ,
ディーエイチシー,
ディーエクストラ,
ディーセス,
ディーフォー,
ディープクチャ,
ディープスティープ,
ディープログラム,
ディセンシア,
ディフストーリー,
ディフレスカ,
ディプティック,
デヴィッドベッカム,
デエス,
デオナチュレ,
デザートエッセンス,
デジャヴュ,
デ・トレイ,
デフィ,
デボラリップマン,
デボンヌ,
デュウ,
デューサー,
デューティー,
デュオ,
デュフラ,
デュランス,
デリエ,
デルベ,
デルマビジュアルズ,
デロン,
デュカート,
トゥイ,
トゥイバーム&ワックス,
トゥインクルパフ,
トゥインクルビー,
トゥータ.,
トゥーザシーン,
トゥーフェイス,
トゥルー,
トゥルーカバー,
東京大学コミュニケーションセンター,
トウス,
豆腐の盛田屋,
トープラン,
トーン,
土佐龍,
トダコサ,
トミーヒルフィガー,
トムフォードビューティ,
トモノ,
トラサルディ,
トラシメーノ,
トランスダーマ,
トリシャンティ,
トリニティーライン,
トリム,
トリロジー,
トレセメ,
トレフル,
トワニー,
トヴァ,
ドゥーエ,
ドゥーミー,
ドーリーウインク,
ドクターペリコンMD,
ドクターエイチアンドエイチ,
ドクターエルウィン,
ドクターカナコ,
ドクターシーラボ,
ドクタータカハマ,
ドクターノヴェル,
ドクターブロナー,
ドクターミネラル,
ドクターラッシュアンプル,
ドモホルンリンクル,
Dr.ハウシュカ,
ドクターリセラ,
ナーズ,
ナーセリー,
ナイアード,
ナイーブ,
ナオエッセンス,
ナカノ,
ナカノスタイリング,
ナジャペレーネ,
ナソニマ,
ナチュムラコスメティクス,
ナチュラ,
ナチュラグラッセ,
ナチュラビセ,
ナチュラム,
ナチュラルコスメティクスバー,
ナチュラルタッチ,
ナチュラルビューティー,
ナチュリエ,
ナチュレンス,
ナノアクア,
ナプラ,
ナホオラ,
ナマチェコ,
菜実果,
ナリス,
ナンバースリー,
ニールズヤードレメディーズ,
ニコス,
ニジュウヨンエイチコスメ,
ニチエー,
ニッタバイオラボ,
ニッピコラーゲン,
日本香堂,
日本ドラッグチェーン,
ニナリッチ,
ニベア,
ニベアメン,
ニュー・サイエンス,
ニューザックコスメ,
ニュートロジーナ,
ニューヨークカラー,
ニュクス,
ヌイ,
ヌーディモア,
ヌード,
ネイチャーアンドコー,
ネイチャーズゲート,
ネイティブワークス,
ネイルテック,
ネイルネイル,
ネイルホリック,
ネイルマックス,
ネイルヴィーナス,
ネオストラータ,
ネオセル,
ネスノ,
ねば塾,
ノーザンライト,
ノーマディック,
ノーミス・ネイルケア,
ノブ,
ノムバラ,
野本建設,
ノルディックナチュラルズ,
ノンノ,
ノンペレール,
ハーチュリー,
ハートヘルスヒーリング,
ハードキャンディ,
ハーバシン,
ハーバルエッセンス,
ハーバルライフ,
ハーブ化粧品,
ハーン,
ハウスオブローゼ,
ハギナ,
ハク,
はくら,
ハグラグ,
肌水,
肌美精,
肌ラボ,
ハチリショップ,
ハッピーチョイス,
ハナイシュル,
花牌,
ハホニコ,
ハンソルバイオ,
バーバリー,
バーンショウー,
バイオ,
バイオイル,
バイオイル,
バイオエッセンス,
バイオキュー,
バイオシルク,
バイオプログラミング,
バイラ,
バジャー,
バス,
バスイング,
バスク,
バニー,
バニラブランシェ,
バブー,
バボール,
ばら園,
バリアリペア,
バルカン,
バン,
パース,
パーパス,
パームツリー,
パイヨ,
パコラバンヌ,
パタカラ,
パダーム,
パックスナチュロン,
パパウォッシュ,
パフィリィ,
パフュームズデクール,
パポタニス,
パラドゥ,
パリスヒルトン,
パルガントン,
パルティ,
パルフェタムール,
パルマディーバ,
パルロックス,
パワーアップビュウ,
パンテーン,
パンドラパッド,
バフ,
バリエル,
パーフェクトワン,
ヒートジュエル,
ヒフミド,
ヒューゴ,
ヒューゴボス,
ヒュードー,
ヒロインメイク,
ヒロコ,
ビ・アクア,
ビーアンドエス,
ビーエスプライム,
ビーエルボーテ,
ビークロス,
ビーグレン,
ビーシーエム,
ビースリー,
ビーバンジョア,
ビービーラボラトリーズ,
ビーファイン,
ビーロード,
ビオバドル,
ビオ・マルシェ,
ビオレu,
美活,
ビクトリアジャクソン,
ビゲン,
美潤,
美禅,
ビタクリームB12,
ビタミンショップ,
美的,
ビナール,
ビノキュア,
ビビコック,
ビビデコ,
ビューティーマークス,
ビューティーミネラル,
ビューティールモンド,
ビューティフルスキン,
ビューナ,
ピー・エイチ・ケア,
ピーエーネイルコレクティブ,
ピーエス,
ピーク,
ピーシー,
ピースーツ,
ピーディーシー,
ピーピーリコリノ,
ピオニウォーク,
ピクス,
ピノーレ,
ピュアスマイル,
ピュアナチュラル,
ピュエル,
ピンククロス,
ピンクタイフーン,
ファーストオーガニクス,
ファシー,
ファンケル,
ファンス,
ファビウス,
フィアンセ,
フィートリート,
フィールドベリー,
フィエ,
フィジオライン,
フィジシャンズフォーミュラ,
フィッツ,
フィトメール,
フィナルウェーブ,
フーデックス,
フェラーリ,
フェラガモ,
フェリシモ,
フォーサイス,
フォーセブンイレブン,
フォーティーンスキップ,
フォーヴー,
ふくら,
フコライフ,
フシ,
フューチャーマジック,
フラウ,
フラコラ,
フラワーパワー,
フランシラ,
フランフラン,
フルーツテラピー,
フレグランスメモリーズ,
フレスカ,
フレッシュ,
フレッシュウェーブ,
フローフシ,
フローラ,
フローリス,
フロレナ,
ブイシー100,
ブーツ,
ブラインドデート,
ブラジェク,
ブランクレエ,
ブランシールスペリア,
ブリディエ,
ブリトニースピアーズ,
ブルーブルーエメランジュ,
ブルガスカローザ・カルロボ,
ブルガリ,
ブレスケア,
ブロウラッシュ,
ブローネ,
プインプル,
プゥドゥボナール,
プチ,
プチペシェ,
プチロンド,
プラーン,
プライベートビューティトウキョウ,
プラスエイティーワン,
プラスユー,
プラスレイ,
プラダ,
プラナス,
プランセスデジャヴ,
プラントシステム,
プリグリオ,
プリベージ,
プリマヴィスタ,
プリマベーラ,
プリメラ,
プルンヌリ,
プレイバック,
プレジャープス,
プロシェンヌ,
プロスリム,
プロヴィダ,
プレイリスト,
ヘアシーズンズ,
ヘナプラス,
ヘビーローテーション,
ヘブンリーママパッド,
ヘブンリームーン,
ヘルシーワン,
ヘルスビ,
ヘレナルビンスタイン,
ヘンプズ,
ベアミネラル,
ベイビィフェイス,
ベイビーオーベイビー,
ベイビーハーツ,
ベイリス＆ハーディング,
ベーネプレミアム,
ベキュアハニー,
ベジボーイ,
ベス,
ベストハーブ,
ベッドヘッド,
ベネフィーク,
ベビーピンク,
ベラピエール,
ベリテ,
ベリミコラ,
ベルナールカシエール,
ベルプラージュ,
ベルメゾン,
ベルレーヌ,
ベルヴィー,
ベンテシモ,
ペイトン,
ペー・ジェー・セー・デー,
ペシュ,
ペスカ,
ペボニア,
ペリーエリス,
ペリコンMD,
ペリペラ,
ペルルアルファ,
ペンハリガン,
ペロト,
ホーユー,
ホマレ,
ホメイ,
ホメオバウ,
ホワイティシモ,
ホワイトショット,
ホワイトリリー,
ボクール,
ボタニクス,
ボッセン,
ボディファンタジー,
ボディミント,
ボディメイクタン,
ボディリラックス,
ボトピカル,
ボニー・ボニー,
ボビイブラウン,
ボルゲーゼ,
ボンボン,
ポールアンドジョーボーテ,
ポーデペール,
ポードペシェ,
ポーラ,
ポーラチョイス,
ポーラドルフ,
ポールアンドジョー,
ポールシェリー,
ポールマリエ,
ポシェラ,
ポッシュドール,
ポップティーン,
ポペット,
ポリシー化粧品,
ポルノホスピタル,
ポンズ,
ポンパドール,
マークジェイコブス,
マークスアンドウェブ,
マークス・アンド・スペンサー,
マーサ,
マイ・エッセンス,
舞妓はん,
マキア,
マキアージュ,
マキアレイベル,
マザーフォレスト,
マシェリ,
マジスレネ,
マジックソープ,
マジックワンズ,
マジョリカマジョルカ,
マスキュア,
真珠肌,
マダムローズ,
マダムロバボーテ,
マダラ,
MAC,
マックスファクター,
マックスマーラ,
松島正樹,
マトゥナ,
マナラ,
マニグ・オリーズ,
マニケア,
マニックパニック,
マペペ,
ママバター,
マミュ,
マムアンドミークリエーションズ,
マモンド,
マリアス,
マリークワント,
マリーブラン,
マリナドブルボン,
マリンデュケランド,
マルカナチュラルスキンケア,
マルシュール,
マヴァラ,
ミオピッコロ,
ミシュリー,
ミス,
緑の森,
みなしょう,
ミニヨン,
ミネラルズ,
ミネラルフラワーズ,
ミノン,
ミューノアージュ,
ミュウミュウ,
ミュゼ,
ミュゼル,
ミュラド,
ミラノコレクション,
ミルボン,
ムー,
ムーサイオ,
ムーンフェイズ,
ムコタ,
無印良品,
ムステラ,
ムラサキジャパン,
メイクアップフォーエバー,
明色,
明色化粧品,
名糖,
メイドオブオーガニクス,
メイベリンニューヨーク,
めぐりズム,
メゾンドリーファー,
メタバリア,
メディシャル,
メディプラス,
メディア,
メルヴィータ,
メンソレータム,
メンターム,
モア・オーガニック,
モイスチャーゲル,
モイスティーヌ,
モイストケア,
モイストムーン,
モストリベラル,
モッズ・ヘア,
モップ,
モデルコ,
モナン,
モルティセニ,
モルトベーネ,
モルトンブラウン,
モンタル,
モンダミン,
ヤーデン,
ヤーマン,
ヤクア,
やずや,
ヤマダアトマイザー,
山田養蜂場,
やまや,
ヤンキーキャンドル,
ユーグレナ,
ユーシアAC,
ユーモ,
雪花,
ユナイテッドカラーズオブベネトン,
ユニ・チャーム,
ユニバーバルミューズ,
ユニリーバ海外,
ユリアージ,
美鼻子,
よーじや,
よかせっけん,
美姉妹,
余仁生,
輿地ノ香,
ヨッシュ,
ヨフィバー,
ヨルダン,
ヨンカ,
ライジングウェーブ,
ライスフォース,
ラヴィタエ,
ラ・カスタ,
ラクラ,
ラコステ,
ラサーナ,
ラソービ,
ラックス,
ラッシュ,
ラディアンス,
ラ・デヴィーナ,
ラニー,
ラパンセ,
ラフラ,
ラブアンドヘイト,
ラブパスポート,
ラプラージュ,
ラ・プレシア,
ラプレリー,
ラボシリーズ,
ラ・ミューテ,
ラメンテ,
ラルフローレン,
ラルムナチュレル,
ラロッシュポゼ,
ランコム,
ランバン,
ラヴァース,
ラヴェーラ,
リア,
リアリナ,
リアル・ピュリティー,
麗雫,
リーゼ,
リーフアンドボタニクス,
リエン,
リオッサ,
リカエル,
リガーレ,
リサージ,
リジーン,
リジェネレイト,
リステリン,
リズムアンドブルースパッド,
リッチーズ,
リッチモイスト,
リッツ,
リトハピ,
リトルバンブー,
リトルマーチ,
リニィ,
リバイタルグラナス,
リファ,
リフレッシュプラス,
リブロン,
リボテ,
リラクシング,
リリーロロ,
リリスドール,
リルジュ,
リンガーナ,
リンサクライ,
リンネ,
リンメル,
凛恋,
ルアン,
ルアンルアン,
ルイール,
ルイヴィトン,
ルイフェロー,
ルージーン,
ルーツー,
ルーナ,
ル・キアラ,
ルクレール,
ルシード,
ルシードエル,
ルチアーノソプラーニ,
ルナソル,
ルナパッド,
ルネフルトレール,
ルフラボーン,
ルベル,
るんるん美肌,
レアナチｭｰル,
レイ,
レイシメッド,
レガロ,
レジー,
レディバグ,
レブロン,
レメディカ,
ロージーローザ,
ローズシルク,
ローズブライト,
ローソン,
ロート製薬,
ローラメルシエ,
ロクシタン,
ロゲイン,
ロゴナ,
ロジェ・ガレ,
ロゼット,
ロック,
ロット,
ロハシー,
ロマンチックドロップス,
ロラック,
ロリータレンピカ,
ロリスアザロ,
ロレアル,
ロレアルパリ,
ロレアルプロフェッショナル,
ロレッタ,
ワトゥサ,
ワトソン,
ワンセカンド,
ワンダーガール,
ワンデイタトゥー,
15ミニッツビューズ,
50の恵,