id,name
1,アー ヴェ ヴェ
2,アーカー
3,アーキ
4,アークスタンダード
5,アークテリクス
6,アーサスベイプ
7,アージェントグリーム
8,アージュ ヴェール
9,アースミュージック&エコロジー
10,アースメイド
11,アーツアンドクラフツ
12,アーツアンドサイエンス
13,アーティ ショ
14,アーティズ
15,アーテクルール
16,アーデム
17,アートヴィンテージ
18,アートブラウン
19,アーネスト ソーン
20,アーノット
21,アーノルドパーマー
22,アーノルド パーマー
23,アーノルド パーマー タイムレス
24,アーバー
25,アーバン アウトフィッターズ
26,アーバンボビー
27,アーバン リサーチ
28,アーバンリサーチアイディー
29,アーバンリサーチサニーレーベル
30,アーバンリサーチドアーズ
31,アーバンリサーチロッソ
32,アーベーセー アン フェイス
33,アー ペー セー
34,アームスセレクト
35,アームド
36,アーメン
37,アーモワールカプリス
38,アーモンド
39,アール アンド　イー
40,アールエヌエー
41,アールエヌエーエヌ
42,アールエヌエースラング
43,アールエフ
44,アールオーイー
45,アールケイオーバーシーズ
46,アールサーティーン
47,アール ジーン
48,アールジーンズ
49,アールディーズ
50,アールディールージュディアマン
51,アールピーエス
52,アールユー
53,アールユー ジーンズ
54,アールユー ノアール
55,アールワークス
56,アイ
57,アイアイエムケー
58,アイアムアイ
59,アイアムアイインファクト
60,アイアムアイボイガル
61,アイヴァン7285
62,アイエルバイサオリコマツ
63,アイグナー
64,アイコムデギャルソンジュンヤワタナベマン
65,アイザックセラム
66,アイザックセラムエクスペリエンス
67,アイザックミズラヒ
68,アイシービー
69,アイスー
70,アイスウォッチ
71,アイスキン
72,アイスクリーム
73,アイスクリーム
74,アイスチェインプラント
75,アイスバーグ
76,アイズビット
77,アイズビットガーディアン
78,アイ ダブリュ シー
79,アイネア
80,アイノウ
81,アイバイオプティチュード
82,アイパ
83,アイファニー
84,アイフォリア
85,アイボリーコート
86,アイモハ
87,アイラ
88,アイラバンビーナ
89,アイランドスリッパ
90,アイリーベリー
91,アイリス
92,アイリッシュ
93,アイリプサス
94,アイロニー
95,アインシュリット
96,アインソフ
97,アヴァランチ
98,アヴァンリリィ
99,アウィーエフ
100,アヴィレックス
101,アウェイク
102,アヴェダ
103,アヴォイド
104,アウトキャスト
105,アウトドアプロダクツ
106,アウトドアプロダクツアパレル
107,アウトドアリサーチ
108,アウトレットシューズセレクト
109,アウラ
110,アウラ アイラ
111,アウリィ
112,アヴリルガウ
113,アエロナウティカミリターレ
114,アオキ
115,アオキユリ
116,アカクラ
117,アカデミクス
118,アカネウツノミヤ
119,アカプルコゴールド
120,アガタ
121,アガット
122,アガット アディション
123,アガット クラシック
124,アガット ファースト
125,アキュート
126,アキラーノリモンディ
127,アクアガール
128,アクアガールコスメティクス
129,アクアシャボン
130,アクアスキュータム
131,アクアネーム
132,アクアブルー
133,アクイラーノリモンディ
134,アクータ
135,アクサラ
136,アクシーズファム
137,アクセサライズ
138,アクセサリーズブラッサム
139,アクセンチュアル
140,アクチュアリー
141,アクト
142,アクネ
143,アクネストゥディオズ
144,アクメファニチャー
145,アクリス
146,アクリスプント
147,アグ
148,アグ オーストラリア
149,アグノスト
150,アグリー
151,アグリサギモリ
152,アグロナチュラ
153,アケリコ
154,アゲインスト
155,アゲインストマイキラー
156,アコバルト
157,アコモデ
158,アゴスト
159,アゴストショップ
160,アサシン
161,アザー
162,アザーカラーズプロジェクト
163,アザッカ
164,アザロ
165,アシーナニューヨーク
166,アシール
167,アシックス
168,あしながおじさん
169,アジリティー
170,アジリティーアッファ
171,アジリティービゾン
172,アジリティープロ
173,アストラット
174,アストリアオディール
175,アストロノミー
176,アスビー
177,アスプレイ
178,アスレタ
179,アズイズ
180,アズヴィーナス
181,アズール
182,アズールバイマウジー
183,アズディンアライア
184,アズノゥアズドゥバズ
185,アズノゥアズピンキー
186,アズノウアズ
187,アタオ
188,アタガール
189,アタッチメント
190,アダバット
191,アダプト
192,アダマイト
193,アダム
194,アダム エ ロペ
195,アダムキメル
196,アダワス
197,あちゃちゅむ
198,アッカ
199,アッシュ
200,アッシュ&ダイヤモンド
201,アッシュペーフランス
202,アッソブ
203,アットラスト
204,アッパーハイツ
205,アップスタート
206,アップタイト
207,アップルバム
208,アツギ
209,アッシュ スタンダード
210,アツロウ タヤマ
211,アティース
212,アテヴァネッサブリューノ
213,アテストーニ
214,アテナデザイン
215,アディアキブラ
216,アディアム
217,アディクティブ
218,アディクト
219,アディダス
220,アディダス オリジナルス
221,アディダスバイジェレミースコット
222,アディダスバイステラマッカートニー
223,アディッションアデライデ
224,アデデ
225,アデュー トリステス
226,アデュートリステス　ロワズィール
227,アトウ
228,アトモスガール
229,アトモスガールズ
230,アトモスフィア
231,アトランティックスターズ
232,アトリエ サブ
233,アトリエ シックス
234,アトリエ ドゥ サボン
235,アトリエブルージュ
236,アトリエ ボズ
237,アトリエメルカダル
238,アドーア
239,アドニシス
240,アドニスグリーン
241,アドバンテージサイクル
242,アドポーション
243,アドミラル
244,アドリー
245,アドルフ
246,アナーキックアジャストメント
247,アナイ
248,アナキ
249,アナザー エディション
250,アナザーヘブン
251,アナスイ
252,アナスイミニ
253,アナック
254,アナップ
255,アナップ ミンピ
256,アナップ ラティーナ
257,アナディス
258,アナトミカ
259,アナトリエ
260,アナナ
261,アナログクロージング
262,アナログライティング
263,アニアリ
264,アニータコー
265,アニエス ベー ボヤージュ
266,アニエスベー
267,アニオナ
268,アニックグタール
269,アニモ
270,アニヤ ハインドマーチ
271,アニュー
272,アヌン
273,アネコノミ
274,アネモネ
275,アネロ
276,アノーカ
277,アノニムクラフツマンデザイン
278,アバクロンビー&フィッチ
279,アバッグオブチップス
280,アバハウス
281,アバハウスドゥヴィネット
282,アパートバイローリーズ
283,アパートメントマーケット
284,アパルトモン
285,アパルトモンドゥーズィエムクラス
286,アビィ
287,アビエニア
288,アビラピンク
289,アビリティ
290,アピアナ
291,アピヴィータ
292,アフェンズ
293,アフターザレイン
294,アフターベース
295,アフタヌーンティー
296,アフリカタロウ
297,アブストライズ
298,アブソール
299,アプレ
300,アプレイウィズハッピーエンディング
301,アプレジュール
302,アプレレクール
303,アプワイザー リッシェ
304,アプワイザーリュクス
305,アベイシングエイプ
306,アベイル
307,アベックモデレーション
308,アベニールエトワール
309,アホープヘンプ
310,アボンタージュ
311,アマート
312,アマカ
313,アマダナ
314,アマベル
315,アマンアンドシロー
316,アマンダウェイクリー
317,アミ
318,アミアミ
319,アミウ
320,アミティエ
321,アミ ドゥ パ
322,アミモック
323,アムグリン
324,アメーバマーズ
325,アメメ
326,アメリヴィンテージ
327,アメリエルマジェスティックレゴン
328,アメリカーナ
329,アメリカン アパレル
330,アメリカン イーグル
331,アメリカンスラッシュ
332,アメリカン ツーリスター
333,アメリカンホリック
334,アメリカン ラグ シー
335,アメリカンレトロ
336,アモスタイル
337,アモラスインセンス
338,アモリコ
339,アヤメ
340,アユイテ
341,アユーラ
342,アラ
343,アライア
344,アライサラ
345,アライブアスレティックス
346,アラヴォン
347,アラウンドザシューズ
348,アラカザム
349,アラスカングース
350,アラバマ
351,アラマンダ
352,ア ラ モード マルシェ
353,アランミクリ
354,アランヨウルノ
355,アリアカンパニー
356,アリーアンドダイア
357,アリーナ
358,アリエス
359,アリエルデピント
360,アリシアアダムスアルパカ
361,アリシアスタン
362,アリス+オリビア
363,アリス アウアア
364,アリス アンド ザ パイレーツ
365,アリスバーリー
366,アリスマッコール
367,アリゾナ
368,アリゾナ フリーダム
369,アリマ
370,アルアバイル
371,アルージュ
372,アルカリ
373,アルコレッタパドローネ
374,アルゴンキン
375,アル シーヴ
376,アルジー
377,アルセラピィ
378,アルソマーズ
379,アルチビオ
380,アルチュザラ
381,アルテア
382,アルティオリ
383,アルティザン
384,アルティザン&アーティスト
385,アルティネロ
386,アルテポーヴェラ
387,アルディーノアール
388,アル ディ ラ
389,アルド
390,アルバトロス
391,アルバローザ
392,アルビオン
393,アルファ インダストリーズ
394,アルファ キュービック
395,アルファヌメリック
396,アルファベット アルファベット
397,アルファンゴ
398,アルフレッドサージェント
399,アルフレッドバニスター
400,アルブム
401,アルベルタ フェレッティ
402,アルベルトフェルマーニ
403,アルベロベロ
404,アルページュ
405,アルマーニ
406,アルマーニ ジュニア
407,アルマーニ エクスチェンジ
408,アルマーニコレツォーニ
409,アルマーニ ジーンズ
410,アルミュール
411,アルモ リュクス
412,アレアント
413,アレキサンダージュリアン
414,アレキサンダー マックイーン
415,アレキサンダー ワン
416,アレキサンドレヘルシェコヴィッチ
417,アレクサチャンフォーエージー
418,アレクサンダープロコフ
419,アレクサンダマックイーン×プーマ
420,アレクサンドラニール
421,アレクサンドリア
422,アレクサンドル ドゥ パリ
423,アレクサンドレバーマン
424,アレクシア
425,アレクシスマビーユ
426,アレグリ
427,アレックスビー
428,アレックス・モンロー
429,アレッサンドラ オーラ
430,アレッサンドラ デラクア
431,アレッジ
432,アレッツォ
433,アレンエドモンズ
434,アレンヌ
435,アレン ビー
436,アロイ
437,アロー
438,アロマグラン
439,アン
440,アン アシュリー
441,アンアナザーアンジェラス
442,アンヴァレリーアッシュ
443,アンカットバウンド
444,アンク
445,アンクール
446,アン クラーク
447,アン クライン
448,アンクルージュ
449,アンクワイエット
450,アングラサッドマモルシミズ
451,アングリッド
452,アングローバルショップ
453,アンコロック
454,アンシーキー
455,アンシェリ
456,アンシェリヴィフ
457,アンシャントマン
458,アンジェラス
459,アンジェリック プリティ
460,アンジェロガルバス
461,アンジェロジャーニー
462,アンスクウィーキー
463,アンスリード
464,アンズ
465,アンソニーピート
466,アンソフィーバックバック
467,アンソロポロジー
468,アンタイトル
469,アンダーアーマー
470,アンダー カバー
471,アンダーカレント
472,アンダーキャッスル
473,アンダークラウン
474,アンダーザテーブル
475,アンダースンベル
476,アンダーバーロウ
477,アンダーラインバイドゥーリー
478,アンダンテ
479,アンチ
480,アンチクラス
481,アンチフォルムデザイン
482,アンティアン
483,アンティーク デニム
484,アンティカ
485,アンティックバティック
486,アンティックラグ
487,アンティパスト
488,アンティポディウム
489,アンティ ローザ
490,アンティローザホリデー
491,アンテナチュア
492,アンテプリマ
493,アンディ
494,アンディウォーホル
495,アンディフィーテッド
496,アンディコール
497,アンデコレイテッドマン
498,アンデミュウ
499,アンデム
500,アンデルセンアンデルセン
501,アントゥアンドム
502,アントゲージ
503,アントニオベラルディ
504,アントニオマーフィーアンドアストロ
505,アントニオ マラス
506,アントマリーズ
507,アントレスクエアー
508,アンドイット
509,アン ドゥムルメステール
510,アンド エー
511,アンドエヌ
512,アンドクチュール
513,アンドサンズ
514,アンドジェイ
515,アンドバイピンキー アンド ダイアン
516,アンドミート
517,アンドリューゲン
518,アンドリューマッケンジー
519,アンドレアポンピリオ
520,アンドレアロッシ
521,アンドレクレージュ
522,アンドレルチアーノ
523,アンドロイド
524,アンドワンダー
525,アンナイン
526,アンナケリー
527,アンナニコラ
528,アンナフィダンツァ
529,アンナマトッツォ
530,アンナ マリー
531,アンナ モリナーリ
532,アンナ ルナ
533,アンノン
534,アンハーゲン
535,アンバサダーズバイバージニア
536,アンバスケット
537,アンパシィ
538,アンパンマンキッズコレクション
539,アンビー
540,アンビエント
541,アンビギュアス
542,アンビリオン
543,アンビリカル
544,アンフィ
545,アンブッシュ
546,アンブロ
547,アンプジャパン
548,アンプリス
549,アンプリュスアン
550,アンベル
551,アンユーズド
552,アンライバルド
553,アンリアレイジ
554,アンリークイール
555,アンリーフ
556,アンリミテッドスィフル
557,アンリラクシング
558,アンルート
559,アンレクレ
560,アンレリッシュ
561,アンワインダー
562,イアパピヨネ
563,イーアールジー
564,イーエーピー
565,イーエム
566,イーエムノアール
567,イーエムフルール
568,イーガルアズローエル
569,イージーゴーイージー
570,イージー スピリット
571,イーストウエスト
572,イーストパック
573,イーストボーイ
574,イーストランド
575,イーズデザイン
576,イートミー
577,イードゥン
578,イーナストゥディオス
579,イーハイフン
580,イーハイフン ワールド ギャラリー
581,イーハイフンワールドギャラリーボンボン
582,イープレイ
583,イープローズ
584,イーボル
585,イームス
586,イーリー キシモト
587,イヴァナ ヘルシンキ
588,イヴサロモン
589,イヴ サン ローラン
590,イヴサンローランボーテ
591,イヴ マリ アージュ
592,イヴロシェ
593,イェーライト
594,イェッカ ヴェッカ
595,イエガ－
596,イエナ
597,イエナスローブ
598,イエナラブークル
599,イエロー
600,イエローコーン
601,イエロー ブーツ
602,イオッセリアーニ
603,イオユウコムラタ
604,イオラニ
605,イオリ
606,イクナ
607,イクミ
608,イグジットフォーディス
609,イグニオ
610,イグニス
611,イサアフェン
612,イサムカタヤマバックラッシュ
613,イザイア
614,イザック
615,イザベル マラン
616,イザベルマランエトワール
617,イスタンテ
618,イズネス
619,イズリール
620,イソラディスキア
621,イタズラ
622,イタリアインディペンデント
623,イタリーメイドパークマンション
624,伊太利屋
625,一澤帆布
626,イチミリ
627,イチヨンプラス
628,イッカ
629,イッカイジャパン
630,イッサロンドン
631,イッセイミヤケ
632,イッツデモ
633,イッティービッティー
634,イットスーツ
635,イデア
636,イデアインターナショナル
637,イデア セブンス センス
638,イデアリズムサウンド
639,イデア レーベル
640,イディオット
641,イディオム
642,イディット
643,イニシウム
644,イネド
645,イノウェーブ
646,イノセントハートラボラトリー
647,イノセントワールド
648,イノベーター
649,イパニマ
650,イビルイービル
651,イビロブ
652,イピンコパリーノ
653,イフシックスワズナイン
654,イブルース
655,イプサ
656,イプダ
657,イポリタ
658,イマージュ
659,イマージュコレクション
660,イマジナリーファンデーション
661,イヤードット
662,イラストレイティッドピープル
663,イラン イラン
664,イリアド
665,イリアンローヴ
666,イリイッチ
667,イリーデ
668,イリマ
669,イリマ バイ ピュア エレガンス
670,イルサンダロ
671,イルツ
672,イルドーザージーンズ
673,イルビゾンテ
674,イルファーロバイルチアーノバルベラ
675,イレイト
676,イレブンシックス
677,イレブンパリ
678,イロ
679,イロセ
680,イロリエール
681,岩座
682,イワヤフォードレスサーティースリー
683,イン
684,インヴェルニ
685,インエ
686,イング
687,イングリッド
688,インケース
689,インケルトゥス
690,インゲボルグ
691,インコテックス
692,インサイト
693,インザグルーヴ
694,インシード
695,インソムニア
696,インターショシュール
697,インターステイプル
698,インターナショナルギャラリー ビームス
699,インターフェイス
700,インタープラネット
701,インタープラネットウィング
702,インダー
703,インダストリアルカテゴリー
704,インティメイトダイアリー
705,インテレクション
706,インディアン
707,インディアンジュエリー
708,インディヴィ
709,インディヴィジュアライズドシャツ
710,インディオ
711,インディゴハンド
712,インディビジュアル
713,インディペンデント ガール
714,インディスペンサブル
715,インデックス
716,インデュナ
717,インナープレス
718,インハビタント
719,インバーアラン
720,インパクティス ケリー
721,インパラ
722,インビクタ
723,インフェクトカラーズ
724,インフォメーション
725,インフルエンス
726,インプローブス
727,インヘリット
728,インホームアウト
729,インメルカート
730,イヴサンローランリヴゴーシュ
731,ヴァーガス
732,ヴァージニア
733,ヴァーチュアンドヴァイス
734,ヴァイヴィア
735,ヴァイオレットバッファローワローズ
736,ヴァイナル
737,ヴァシリエヴァ
738,ヴァニッシングエレファント
739,ヴァニラコンフュージョン
740,ヴァネッサ・ブリューノ
741,ヴァベーネ
742,ヴァベローグ
743,ヴァランティーヌゴーチェ
744,ヴァルヴィートエイティーワン
745,ヴァルクーレ
746,ヴァレクストラ
747,ヴァレンティーン
748,ヴァレンティノ
749,ヴァレンティノガラヴァーニ
750,ヴァンクリーフ＆アーペル
751,ヴァンス
752,ヴァンスティ
753,ヴァンヂャケット
754,ヴァンデスト
755,ヴァンドーム
756,ヴァンドームアオヤマ
757,ウィアード
758,ヴィアバスストップ
759,ヴィアリパブリカ
760,ウィーエスシー
761,ウィージャンズ
762,ヴィーダフェリス
763,ヴィーダプラス
764,ヴィーローン
765,ウィウィ
766,ヴィヴィアン ウエストウッド
767,ヴィヴィアン タム
768,ヴィヴィカ
769,ヴィヴィピー　ヴィサリア
770,ヴィエー ヴァンドーム アオヤマ
771,ヴィエルジュ
772,ヴィオネ
773,ヴィカガジンスカヤ
774,ヴィクタ　アンド　ロルフ
775,ヴィクトリア シークレット
776,ヴィクトリアンメイデン
777,ウィゴー
778,ヴィサリア
779,ウィザード
780,ヴィシャスフレーバー
781,ヴィジー
782,ヴィジュアルリポーツ
783,ヴィス
784,ウィスプ
785,ヴィスラ
786,ウィズ
787,ヴィズヴィム
788,ヴィズバロウ
789,ウィズム
790,ウィズリミテッド
791,ヴィタナミス
792,ヴィタ ノーヴァ
793,ヴィチーニ
794,ウィッカ
795,ヴィック・マティ
796,ウィッスルズ
797,ヴィドヴァンスター
798,ヴィドレッタ
799,ヴィニー
800,ウィムガゼット
801,ウィムニールス
802,ウィリアム ウォレス
803,ウィリアムズソノマ
804,ウィルセレクション
805,ウィンアンドサンズ
806,ヴィンタークス
807,ウィンターケイト
808,ヴィンティアンドリュース
809,ヴィンテージフィフティファイブ
810,ウイークエンドマックスマーラ
811,ウイング
812,ウイングスアンドホーンズ
813,ヴー
814,ウーゴアンドエンツォ
815,ウーゴカッチャトーリ
816,ウーテプロイアー
817,ウーム
818,ウーヨンミ
819,ウェアラバウツ
820,ヴェイパライズ
821,ヴェール ダンス
822,ヴェール ブラン
823,ヴェスティビュール
824,ウェストウェア
825,ウェストトゥワイス
826,ヴェラウォン
827,ヴェラ ブラッドリー
828,ヴェリココ
829,ヴェリテクール
830,ヴェルヴェットラウンジ
831,ヴェルサーチ
832,ヴェルサス
833,ヴェルティニ
834,ヴェルニーチェ
835,ヴェルニカ
836,ウェルビーイング
837,ヴェレダ
838,ヴェロープ
839,ヴェロニク ブランキーノ
840,ヴェロニクルロワ
841,ヴェロフォンナ
842,ウェンディーアンドジム
843,ウェンディズアンドフットザコーチャー
844,ウエアハウス
845,ウエス
846,ウエストウッドアウトフィッターズ
847,ウエストオーバーオールズ
848,ウエストワードリーニング
849,ウエンディーネ
850,ヴォイスメール
851,ウォークオーバー
852,ウォーターマン
853,ウォール
854,ウォーンバイ
855,ヴォカル
856,ヴォタントーキョー
857,ヴォッリ
858,ウォリス
859,ウォルター
860,ウォルターヴァンベイレンドンク
861,ウォルボ
862,ウォンハンドレッド
863,ヴゼット
864,ウタタネ
865,ウッドウッド
866,ウッドラム
867,ウノアエレ
868,ウノビリエ
869,ウノピュウノウグァーレトレリラックス
870,ウフドゥー
871,ウブド アネーロ
872,ウブロ
873,ウミットベナン
874,ウル
875,ウルヴァリン
876,ウルフズヘッド
877,ウルラ
878,ウンガロフィーバー
879,ウンガロフューシャ
880,ウンナナクール
881,ヴァッカーリ
882,ヴァネッサブリューノアテ
883,ヴァレンティノローマ
884,ヴィアヌ
885,ヴィオラヴィンカ
886,ヴィクトリアベッカム
887,ヴィットリオヴィルジリ
888,ヴィヴィアンウエストウッドアングロマニア
889,ヴィヴィアンウエストウッドゴールドレーベル
890,ヴィヴィアンウエストウッドマン
891,ヴィヴィアンウエストウッドレッドレーベル
892,ヴェトモン
893,ヴェナカヴァ
894,ヴェルサーチコレクション
895,ヴェルサーチジーンズ
896,ヴェルサーチジーンズクチュール
897,ヴェレッタオッターヴァ
898,エアウォーク
899,エア バギー
900,エアパペル
901,エアロポステール
902,エアロレザー
903,エィス
904,エイージーエフ
905,エイジド
906,エース
907,エイソス
908,エイゾー
909,エイチ アンド エム
910,エイチエイティー
911,エイチエヌビーエム
912,エイチエルエヌエー
913,エイチジー
914,エイチティーシーブラック
915,エイチ ナオト
916,エイチバイハドソン
917,エイチビージー
918,エイチビューティーアンドユースユナイテッドアローズ
919,エイチブイシー
920,エイチヴィシーファム
921,エイティーンスアメンドメント
922,エイト
923,エイトバイゴールドレーベル
924,エイポック
925,エイミーイストワール
926,エイモス
927,エイリアス
928,エイリアンウーウィン
929,エヴァムエヴァ
930,エヴィス
931,エヴー
932,エヴォラ
933,エヴリス
934,エーアールコノミ
935,エーアイシー
936,エーアンドエフ
937,エーアンドジー
938,エーエイプバイアベイシングエイプ
939,エーエスマンハッタナーズ
940,エーエフヴァンデヴォルスト
941,エーエムジー
942,エーエムジーザダーケストニグ
943,エーエムナポリ
944,エーオーアール
945,エーグル
946,エーザイ
947,エー シー シェンナ
948,エーシーディーシー ラグ
949,エーシー バイ エンジェルカラー
950,エージー
951,エージー/アドリアーノゴールドシュミット
952,エージー・ジーンズ
953,エージーバイアクアガール
954,エージープラス
955,エージェントノック
956,エースアンドジグ
957,エースジーン
958,エーズラビット
959,エーダブルエー
960,エーティー
961,エーディー
962,エーディーエスアール
963,エー ディー エム ジェー
964,エーディージー
965,エーディエムジェイ
966,エービーエックス
967,エーライフ
968,エーエルシー
969,エーワイノットデッド
970,エオトト
971,エカム
972,エキプモン
973,エキプモンフェム
974,エキュイトーキョー
975,エクアアンディーノ
976,エクサントリーク
977,エクストララージ
978,エクストララージキッズ
979,エクストローディナリージェーン
980,エクスパンション
981,エクスビアンス
982,エクスペディションモード
983,エクスボーテ
984,エクラムール
985,エクラン
986,エクリュクス
987,エクリュフィル
988,エグザイル トライブ
989,エコアルフ
990,エコー
991,エコーアンリミテッド
992,エコノ（ラボキゴシ）
993,エコマコ
994,エコロコ
995,エゴイスト
996,エシェリ
997,エシュン
998,エスイーエイチ・ケリーエス・イー・エイチ・ケリー
999,エスエーディー
1000,エスエフダブル
1001,エスオーエスエフピー
1002,エスオーケストラ
1003,エスカーダ
1004,エスシーエムプロジェクト
1005,エスタコット
1006,エスダブリュウエム
1007,エスダブル
1008,エスツーヴイエス
1009,エスツーダブルエイト
1010,エスティークローゼット
1011,エスティーヌ
1012,エステール
1013,エスディーシー
1014,エストネーション
1015,エストネーションビス
1016,エスビーワイ
1017,エスピーエックス
1018,エスプリ
1019,エスペランサ
1020,エスペラント
1021,エスマックスマーラ
1022,エスワイスリー
1023,エターナル ジーンズ
1024,エタミンヌ
1025,エダー
1026,エックスオーエックスオー
1027,エックスガール
1028,エックスガールステージス
1029,エックスジー
1030,エッシュ
1031,エッセンシャルデザイン
1032,エッティンガー
1033,エッフェ ビームス
1034,エテ
1035,エティエンヌ アイグナー
1036,エティカ
1037,エディーナロネィ
1038,エディー バウアー
1039,エディーボルゴ
1040,エディグレース
1041,エディション
1042,エディター
1043,エディットフォールル
1044,エディターズドロー
1045,エディットコロン
1046,エディットシーン
1047,エデュケーションフロムヤングマシーン
1048,エトヴァスボネゲ
1049,エトヴォス
1050,エトス
1051,エトレトウキョウ
1052,エトロ
1053,エトワールイザベルマラン
1054,エドウィナホール
1055,エドウィン
1056,エド ハーディー
1057,エドムンドカスティッロ
1058,エドワードグリーン
1059,エナジーミューズ
1060,エナソルーナ
1061,エナプリート
1062,エニィスィス
1063,エニィファム
1064,エニイウェアアウトオブザワールド
1065,エニシング
1066,エヌエスファクトリー
1067,エヌエヌ
1068,エヌキュープラス
1069,エヌジーエーピー
1070,エヌディーシー
1071,エヌドゥ
1072,エヌナチュラルビューティーベーシック
1073,エヌフォー
1074,エヌリスト
1075,エヌワイエックス
1076,エネス
1077,エバー
1078,エバーラスティングスプラウト
1079,エバーラスト
1080,エバゴス
1081,エピス
1082,エピデミーク
1083,エピローグチャント
1084,エフアンドブイ
1085,エフィレボル
1086,エフエススラッシュエヌワイ
1087,エフダブリューケーエンジニアードガーメンツ
1088,エフデ
1089,エフトゥループ
1090,エフビーカウンティ
1091,エフワイエーエイチ
1092,エブリン
1093,エヘカソポ
1094,エベルモーション
1095,エベレステッド
1096,エボニーアイボリー
1097,エボリューション
1098,エポイ
1099,エポカ
1100,エポカウォモ
1101,エポカザショップ
1102,エポキ
1103,エマテイラー
1104,エマニュエラペトロガリ
1105,エマニュエル ウンガロ
1106,エマホープ
1107,エミ
1108,エミアトリエ
1109,エミスフィール
1110,エミュー
1111,エミリアウィズ
1112,エミリアン
1113,エミリー テンプル キュート
1114,エミリオ プッチ
1115,エムアンドエム
1116,エムアンドエムアンドエムズ
1117,エムイーアイ
1118,エムイードット
1119,エムエイチアイバイマハリシ
1120,エムエイチエル
1121,エムエークロス
1122,エムエスジイエム
1123,エムエスピーシー
1124,エムエックスピー
1125,エムエフエディトリアル
1126,エムエム6メゾンマルジェラ
1127,エムエムシックス
1128,エムケークランプリュス
1129,エムケーツーケー
1130,エムケーミッシェルクラン
1131,エムケーミッシェルクランオム
1132,エムシー
1133,エムシーエム
1134,エムシーエルバイマシューキャンベルローレンザ
1135,エムシーシスター
1136,エムシーダブリュー
1137,エムシーディーマシン
1138,エムシックスティーン
1139,エムジーウォレス
1140,エムスール
1141,エムズエキサイト
1142,エムズグレイシー
1143,エムズサルート
1144,エムズブラック
1145,エムティー
1146,エムドゥ
1147,エムビー
1148,エムブイアールケー
1149,エムブイエムティーウォッチ
1150,エムプルミエ
1151,エムプルミエブラック
1152,エムミッソーニ
1153,エムワイレーベル
1154,エム・バイ・ミオノティス
1155,エメ
1156,エメ フィール
1157,エモダ
1158,エラス
1159,エリアーヌジジ
1160,エリーサーブ
1161,エリーズオーバーランド
1162,エリオポール
1163,エリザベスアンドジェームス
1164,エリソン
1165,エリップス
1166,エリマツイ
1167,エリン
1168,エリンフェザーストン
1169,エル
1170,エルアンドハーモニー
1171,エルエイチエスブロンディー
1172,エルエーゲート
1173,エルエスエフ
1174,エルエスシーン
1175,エルエスディー
1176,エルエヌエー
1177,エルエフストアース
1178,エルエムアルティエリ
1179,エルエルビーン
1180,エルゴベビー
1181,エルシー
1182,エルジーエレクトロニクス
1183,エルジービー
1184,エルスペース
1185,エル チャンス
1186,エルディー
1187,エル ディー エス
1188,LDプライム
1189,エルネスト
1190,エルバ
1191,エルビーシー
1192,エルビー ゼロスリー
1193,エルビラ
1194,エルフ
1195,エルフォーブル
1196,エルベシャプリエ
1197,エルベレジェ
1198,エルマノシェルヴィーノ
1199,エルメス
1200,エルメネジルド ゼニア
1201,エルロデオ
1202,エルンテ
1203,エレガンスクルーズ
1204,エレガンス卑弥呼
1205,エレクト
1206,エレッセ
1207,エレファントアント
1208,エレメント
1209,エレンディーク
1210,エンジーンズ
1211,エンジェルアール
1212,エンジェルジャクソン
1213,エンジェル ハート
1214,エンジェルブルー
1215,エンジニアードガーメンツ
1216,エンジニアドジーンズ
1217,エンスウィート
1218,エンゾーアンジョリーニ
1219,エンダースキーマ
1220,エンチャンテッドプリマ
1221,エンチャンテッド
1222,エンツォボナフェ
1223,エントリーエスジー
1224,エンドレスサマー
1225,エンネア
1226,エンハンスエレメント
1227,エンバ
1228,エンビールック
1229,エンファンティーノ
1230,エンフォルド
1231,エンブレインズ
1232,エン プリーベ
1233,エンプレスチンチラ
1234,エンペラート
1235,エンポリオ アルマーニ
1236,エンリーべグリン
1237,エンリコ コベリ
1238,オアグローリー
1239,オアスロウ
1240,オゥバニスター
1241,オゥパラディ
1242,欧州航路
1243,オウル
1244,オウルオプティックワーロック
1245,オウン
1246,オーアンドアイ
1247,オーエンバリー
1248,オーガスト
1249,オークランド
1250,オオシマレイ
1251,オーシャンサイド
1252,オーシャン パシフィック
1253,オーシャンアンドグラウンド
1254,オーセンティックシューアンドコー
1255,オオゾノ
1256,オオタ
1257,オータムカシミア
1258,オーチバル
1259,オーディション
1260,オーデマ ピゲ
1261,オーデン
1262,オート
1263,オートサイダー
1264,オートヒッピー
1265,オートメーター
1266,オオトロ
1267,オードリーアンドジョンワッド
1268,オーナインフォーワン
1269,オーネティテル
1270,オーバーザトゥウェルブ
1271,オーバー タッシェ
1272,オーバーライド
1273,オーバーランド
1274,オーピーアイ
1275,オーブ
1276,オープニングセレモニー
1277,オープンアームズ
1278,オーベルシー
1279,オーラカイリー
1280,オーラリー
1281,オールオーディナリーズ
1282,オールグロウンアップバイブロンディ
1283,オールセインツ
1284,オールデン
1285,オールドイングランド
1286,オールドジョーアンドコー
1287,オールド ネイビー
1288,オールドベティーズ
1289,オールドマンズテーラー
1290,オールフォーワン
1291,オールマイティ
1292,オーレット
1293,オーロラグラン
1294,オカ ビー
1295,オキィ
1296,オキュパイ
1297,オクトパスアーミー
1298,オクラ
1299,オシアナス
1300,オシャレウォーカー
1301,おしゃれスタ
1302,オシャレボ
1303,オジコ
1304,オスカーデラレンタ
1305,オズノッツ
1306,オズモーシス
1307,オゾック
1308,オゾン ロックス
1309,オッサモンド
1310,オッジィオット
1311,オッドイーブン
1312,オティーリエ
1313,オデット エ オディール ユナイテッドアローズ
1314,オト
1315,オトゥールデュモンド
1316,オドゥール
1317,オニール
1318,オニツカ タイガー
1319,オバスカ
1320,オフィチーネクリエイティブ
1321,オフオン
1322,オフザウォール
1323,オフホワイト
1324,オブレクト
1325,オプティチュード
1326,オプティミスティック
1327,オベイ
1328,オベシティアンドスピード
1329,オベリスク
1330,オペーク
1331,オペークドットクリップ
1332,オペルカアズーロ
1333,オムニゴッド
1334,オメカシ
1335,オメガ
1336,オラクル
1337,オリアーリ
1338,オリアン
1339,オリーブ デ オリーブ
1340,オリエンタルトラフィック
1341,オリエント
1342,オリカ
1343,オリジナル
1344,オリジナルフェイク
1345,オリス
1346,オリゾンティー
1347,オリバーゴールドスミス
1348,オリバーピープルズ
1349,オリバーボーナス
1350,オリヒカ
1351,オリヒメ
1352,オリビエティスケンス
1353,オリンカリ
1354,オリンピアルタン
1355,オルセー
1356,オルターべノム
1357,オルタナティブ
1358,オルタナティブバージョンダブルアール
1359,オルタモント
1360,オルテガ
1361,オルフィック
1362,オルベネ
1363,オロネロ
1364,オロビアンコ
1365,オン･ザ･デイ
1366,オン ザ カウチ
1367,オンスポッツ
1368,オンテクス
1369,オンブレニーニョ
1370,オンリー ミネラル
1371,カーサノイ
1372,カーシュー
1373,カージュ
1374,カートリッジケイス
1375,カーネリアン
1376,カーハート
1377,カーハートダブリューアイピー
1378,カービングトライブス
1379,カーフ
1380,カーム
1381,カーモ
1382,カーライフ
1383,カーリー
1384,カーリーコレクション
1385,カール カナイ
1386,カールドノヒュー
1387,カール パーク レーン
1388,カールヘルム
1389,カールラガーフェルド
1390,快晴堂
1391,カイ ラニ
1392,カウイジャミール
1393,カウンターカルチャー
1394,カエン
1395,カオス
1396,カオリノモリ
1397,カオル
1398,カオン
1399,カクタス
1400,カクタスセポ
1401,かぐれ
1402,カサデイ
1403,カザール
1404,カシータ
1405,カシウエア
1406,カシオ
1407,カシュ カシュ
1408,カシュラ
1409,カシュネ
1410,カシラ
1411,カシル
1412,カジュアル
1413,かすう工房
1414,カスタニエール
1415,カスタネ
1416,カスタムエックス
1417,カスッチ
1418,カステリェール
1419,カズタカカトウ
1420,カズユキクマガイ
1421,カズユキクマガイアタッチメント
1422,カズロックオリジナル
1423,カッシーナ
1424,カッパ
1425,カップフェイク
1426,カテネ
1427,カテリーナ ルッキ
1428,カディンスキー
1429,カトー
1430,カトラーアンドグロス
1431,カトルナフ
1432,カドゥー ドゥ　レーヴ
1433,カナ
1434,カナーリ
1435,カナタ
1436,カナダグース
1437,カナナ プロジェクト
1438,カナル４℃
1439,カネコイサオ
1440,カネコメガネ
1441,カバーガール
1442,カバン ド ズッカ
1443,カパフ
1444,カパルア
1445,カヒコ
1446,カブバイクリフメイヤー
1447,カプセル
1448,カプリウォッチ
1449,カプリシューレマージュ
1450,カマイウ
1451,カミーラスコフガード
1452,カミエラ
1453,カミシマチナミ
1454,カミチャニスタ
1455,カミンスキー　XY
1456,カムイ
1457,カムチャットアンドクロゼット
1458,カメオコレクティブ
1459,カラー
1460,カラーズオブカリフォルニア
1461,カラーズバイジェニファースカイ
1462,カラーノ
1463,カラクターズ
1464,カリアング
1465,カリーアップ
1466,カリテ
1467,カリバーン
1468,カリマー
1469,カルー
1470,カルヴェン
1471,カルソーアースシューズ
1472,カルティエ
1473,カルディ
1474,カルトガイア
1475,カルトップ
1476,カルトナージュ
1477,カルドファブリカ
1478,カルバン クライン アンダーアーマー
1479,カルバン クライン
1480,カルバンクラインコレクション
1481,カルベリーズ
1482,カルペディエム
1483,カルマ
1484,カルメンサラス
1485,カルルワ
1486,カルロスファルチ
1487,カレン ウォーカー
1488,カレンソロジー
1489,カレント
1490,カレントエリオット
1491,カロ アンド リリ
1492,カロリー ウォークプラス
1493,カロリナグレイサー
1494,カワイイ
1495,カンゴール
1496,カンティーニカンティーニ
1497,カンナビス レディース
1498,カンパニーレ
1499,カンビオ
1500,カンペール
1501,カンポマッジ
1502,ガーデンバイヴェルムーア
1503,ガールバイバンドオブアウトサイダーズ
1504,ガイモ
1505,ガガミラノ
1506,ガス
1507,ガラグローブ
1508,ガリャルダガランテ
1509,ガルシア マルケス
1510,ガルニ
1511,ガルラ
1512,ガンジー
1513,ガント
1514,ガントバイマイケルバスティアン
1515,ガントラガー
1516,ガンリュウ
1517,ガ
1518,ガーブストア
1519,ガーリードール
1520,ガール
1521,ガールズ
1522,ガイジンメイド
1523,ガカモレ
1524,ガスブック
1525,ガッチャ
1526,ガッツダイナマイトキャバレーズ
1527,ガニーサックス
1528,ガネーシュ
1529,ガヤ
1530,ガラアーベント
1531,ガリアーノ
1532,ガルヴァナイズ
1533,ガルシア
1534,ガルニエ
1535,ガルフィー
1536,ガレスピュー
1537,ガンダ
1538,ガントレッツ
1539,ガンホー
1540,キアラフェラーニ
1541,キィキィキィウィ
1542,キー
1543,キーコーヒー
1544,キース
1545,キース ヘリング
1546,キートス
1547,キープ
1548,キーン
1549,キウ
1550,キエラ
1551,キオラ
1552,キクスドキュメント
1553,キジマタカユキ
1554,キスキス
1555,キスマーク
1556,キスミーコスメチックス
1557,キスミス
1558,キタムラ
1559,キチカ
1560,キッカ　ザ　ダイアリー　オブ
1561,キックスティーワイオー
1562,キックスラボ
1563,キッズ
1564,キッズラブゲイト
1565,キッチュ
1566,キットソン
1567,キッドブルー
1568,キツネ
1569,キトン
1570,キネティックス
1571,キノ
1572,キノショウハンプ
1573,キプリス
1574,キプリング
1575,キマノルウェー
1576,キミノリモリシタ
1577,キムジョーンズ
1578,キムソンヘ
1579,キムチブルー
1580,キメラパーク
1581,キモノマチ
1582,キャサリン ハムネット
1583,キャサリンマランドリーノ
1584,キャシーウォーターマン
1585,キャシャレル
1586,キャス キッドソン
1587,キャストオブバイス
1588,キャセリーニ
1589,キャセリーニ
1590,キャセリーニフィフスアベニュー
1591,キャットハミル
1592,キャップバイト
1593,キャトヴィ
1594,キャトルセゾン
1595,キャビンゼロ
1596,キャブゼロゼロゼロ
1597,キャブレターアンドコー
1598,キャプテンサンシャイン
1599,キャプテンズヘルム
1600,キャメロン レイシー
1601,キャラジャ
1602,キャラス
1603,キャラット
1604,キャリアン
1605,キャリー
1606,キャロウェイゴルフ
1607,キャロリーナブッチ
1608,キャロリーナヘレラ
1609,キャロルクリスチャンポエル
1610,キャンツー
1611,キャンディストリッパー
1612,キャンディッシュ
1613,キャンディドール
1614,キャンディ フロート
1615,キャンディロケッツ
1616,キャントン
1617,キャンドルジュン
1618,キャンバスマージ
1619,キャサリンハムネットロンドン
1620,キャサリンロス
1621,キャスパージョン
1622,キャスパージョンアイバー
1623,キャドバリー
1624,キャバリア
1625,キャバン
1626,Q
1627,キューエスカルチャー
1628,キューティーフラッシュ
1629,キューティーブロンド
1630,キュートゥーピー
1631,キュービーシー
1632,キューブシュガー
1633,キューブシュガーエボ
1634,キューポット
1635,キューン
1636,キュレーター
1637,キュレル
1638,キューピッドハート
1639,キョウイチ フジタ
1640,キョウコヒガ
1641,キョウジマルヤマ
1642,キラートレジャー
1643,キラリー
1644,キリウォッチ
1645,キリュウキリュウ
1646,キルガー
1647,キルケセレクト
1648,キルシティ
1649,キルデリク
1650,キン
1651,キングオブディギィン
1652,キングモブ
1653,キングリーシアタープロダクツ
1654,ギタリストリップ
1655,ギャップ
1656,ギャミヌリィ
1657,ギャラクシー
1658,ギャルスター
1659,ギャルズ ビル
1660,ギャルフィット
1661,ギャレゴデスポート
1662,ギャレッツ
1663,銀座かねまつ
1664,ギ
1665,ギーザー
1666,ギーブスアンドホークス
1667,ギザ
1668,ギズモビーズ
1669,ギットマンブラザーズ
1670,ギミファイブ
1671,ギムレット
1672,ギャクソウ
1673,ギャバン
1674,ギャラリービスコンティ
1675,ギャルソンウェーブ
1676,ギャルデコレクティブ
1677,ギヨームルミエール
1678,ギラロッシュ
1679,ギリーヒックス
1680,ギルダン
1681,ギルトグループ
1682,ギルド
1683,ギルドオブクラフツ
1684,ギルドプライム
1685,ギルフィー
1686,ギンザノサエグサ
1687,クアイ
1688,クアドロ
1689,クイーンクラレット スタジオOI カラーフォーマル
1690,クイーン　ケリー
1691,クイーンズ コート
1692,クイーン ビー
1693,クイーンヘッド
1694,クイックシルバー
1695,クインティ
1696,クーアンビエンス
1697,クーカイ
1698,クークロワッサン
1699,クーコ
1700,クーシオ
1701,クージー
1702,クーデビューテ
1703,クー ド シャンス
1704,クーバ
1705,クーベーアー
1706,クーポール
1707,クーム
1708,クーラ
1709,クーラティクス
1710,クーラブラ
1711,クーリオ
1712,クール
1713,クールギア
1714,クールビット
1715,クールライプ
1716,クエイアイウェアオーストラリア
1717,クエンチラウド
1718,クオーター
1719,クスクス
1720,クスト バルセロナ
1721,クチャ
1722,クチュール バイ ロジータ
1723,クチュールブローチ
1724,クッカ
1725,クッキー フォーチューン　ラブ
1726,クッキーフォーチュン
1727,クッコディマル
1728,クッシーフットウェア
1729,クッキーチョコレート
1730,靴下屋
1731,クティール
1732,クニルプス
1733,クマタン
1734,クミキョク
1735,クラークス
1736,クラークスオリジナルズ
1737,クラーピアス
1738,クライ
1739,クライベイビー
1740,クライミー
1741,クライム
1742,クラウズオブフーズ
1743,クラウデッドクローゼット
1744,クラクト
1745,クラシカルエルフ
1746,クラシコ
1747,クラシック
1748,クラス
1749,クラスキー
1750,クラスファイブ
1751,クラスロベルトカヴァリ
1752,クラップ
1753,クラネ
1754,クラブ
1755,クラブキング
1756,クラブ　ケーティ　シブヤ
1757,クラブモナコ
1758,クラムジー
1759,クララ
1760,クララビー
1761,クラレンドン
1762,クラン
1763,クラン デュイュ
1764,クランプリュス
1765,クリア
1766,クリア インプレッション
1767,クリアクレア
1768,クリード
1769,クリームカンパニー
1770,クリエイティブリクリエーション
1771,クリクション
1772,クリクラ
1773,クリケット
1774,クリシェ・ドゥ・パリス
1775,クリスヴァンアッシュ
1776,クリスタル シルフ
1777,クリスタル ボール
1778,クリスチャンヴィラ
1779,クリスチャン オジャール
1780,クリスチャンダダ
1781,クリスチャン ディオール
1782,クリスチャンポー
1783,クリスチャンラクロワ
1784,クリスチャン ルブタン
1785,クリスチャンロス
1786,クリスティーナティ
1787,クリスティーナローデ
1788,クリストファーケイン
1789,クリストファースティーボ
1790,クリストファーレイバーン
1791,クリストフ ルメール
1792,クリスプ
1793,クリスベンツ
1794,クリックス
1795,クリッシーモリス
1796,クリッパーカジュアル
1797,クリツィア
1798,クリフ　メイヤー
1799,クリフメイヤーキッズコレクション
1800,クリフメイヤーレディースコレクション
1801,クリプトン
1802,クリミナル
1803,クリンク
1804,クルー
1805,クルーズ
1806,クルーン ア ソング
1807,クルチアーニ
1808,クレ
1809,クレアーズ
1810,クレアヴィヴィエ
1811,クレイサス
1812,クレイジートライブ
1813,クレイジーピッグ
1814,クレイミー
1815,クレイン
1816,クレー
1817,クレージュ
1818,クレートデニム
1819,クレールデマスキュロ
1820,クレオベラ
1821,クレスエディム
1822,クレット
1823,クレデヴェール
1824,クレ デ ゾーン
1825,クレドール
1826,クレドソル
1827,クレドラン
1828,クレメンツ リベイロ
1829,クロ
1830,クロエ
1831,クローク
1832,クロース　トゥー　ミー
1833,クローズアップ
1834,クローズド
1835,クローディピエルロ
1836,クロードモンタナ
1837,クローム
1838,クローラ
1839,クロールバリエ
1840,クローン
1841,クロケットアンドジョーンズ
1842,クロコダイル
1843,クロシェ
1844,クロス
1845,クロックス
1846,クロックチャンネル
1847,クロックドモンキー
1848,クロニクルズオブネバー
1849,クロムハーツ
1850,クロワロワイヤル
1851,クワイエットノイズ
1852,クワクワ
1853,クワック
1854,クンバ
1855,グーリン ブラザーズ
1856,グッチ
1857,グラウンドグリーンストア
1858,グラウンドワイ
1859,グラスジーンズ
1860,グラス ライン
1861,グラッド ニュース
1862,グラニフ
1863,グラビル
1864,グラフィア
1865,グラフペーパー
1866,グラムジーン
1867,グランドエッジ
1868,グランドフルール
1869,グランマママドーター
1870,グリード
1871,グリーン レーベル リラクシング
1872,グリフィード
1873,グルービジョンズ
1874,グレイ　マジック
1875,グレイル
1876,グレイル
1877,グレース
1878,グレースクラス
1879,グレース　コンチネンタル
1880,グレゴリー
1881,グレッグローレン
1882,グレンゴードン
1883,グレンマック
1884,グローゼ
1885,グローバーオール
1886,グローバル ワーク
1887,グローブ
1888,グローリー　チャーム
1889,グロッセグラッセ
1890,グロリアス ジゴ
1891,グ
1892,グイディ
1893,グーコミューン
1894,グースィー
1895,グースベリー
1896,グーポップ
1897,グエルマスタード
1898,グスタボリンス
1899,グッドアートハリウッド
1900,グッドイヤー
1901,グッドオル
1902,グッドライフ
1903,グライムエフェクト
1904,グラインド
1905,グラシア
1906,グラシュー
1907,グラッサム
1908,グラバティ
1909,グラビス
1910,グラフ
1911,グラフィティクラージュ
1912,グラベラ
1913,グラマラスガーデン
1914,グラマラスジェーン
1915,グランシニョーレ
1916,グランディール
1917,グランドキャニオン
1918,グランドグローバル
1919,グランドセイコー
1920,グランドパーク
1921,グランフューズ
1922,グリーム
1923,グリーン
1924,グリーンエッジ
1925,グリーンクラブ
1926,グリーンパークス
1927,グリーンボウル
1928,グリーンマン
1929,グリーンレーベルリラクシングスタンダード
1930,グリディージーニアス
1931,グリフォーニ
1932,グリムゲート
1933,グリモワール
1934,グレイセラ
1935,グレカボティーヌ
1936,グレディブリリアン
1937,グレンダ
1938,グレンプリンス
1939,グレンロイヤル
1940,グローバルフォルムコンクリート
1941,グローバルリズムエッセンス
1942,グローブトロッター
1943,グローリー
1944,グンゼ
1945,ケアベア
1946,ケアレス
1947,ケイカ
1948,ケイキィー
1949,ケイコスズキコレクション
1950,ケイジェイグリーンジャマイカンスタイル
1951,ケイスケカンダ
1952,ケイスリーヘイフォード
1953,ケイタマルヤマ
1954,ケイティ
1955,ケイト スペード
1956,ケイトスペードサタデー
1957,ケイトスペードニューヨーク
1958,ケイト　ルーバー
1959,ケイパ
1960,ケイビーシマー
1961,ケインズ
1962,ケーエムピー
1963,ケーシーマルハン
1964,ケースイス
1965,ケースリー
1966,ケーノン
1967,ケービーエフ
1968,ケービーエフプラス
1969,ケーピーデコ
1970,ケープスマイル
1971,ケーライフ
1972,ケッズ
1973,ケティ
1974,ケティシェリー
1975,ケネスジェイレーン
1976,ケネスジェイレーン
1977,ケミット
1978,ケルティ
1979,ケルトアンドコブラ
1980,ケンアンドユータ
1981,ケンコー
1982,ケンゾー
1983,ケンペル
1984,ゲイタッグス
1985,ゲート
1986,ゲス
1987,ゲスト
1988,ゲンテン
1989,ゲ
1990,ゲージ
1991,ゲッタグリップ
1992,ゲットライ
1993,ゲラルディーニ
1994,ゲンリ
1995,コアジュエルス
1996,コアラビ
1997,コイガールマジック
1998,コイノニア
1999,コウジアルガ
2000,神戸レタス
2001,コエ
2002,コエトムブラウン
2003,コーエン
2004,コーギ
2005,コース
2006,コースタルセンツ
2007,コーズ
2008,コーセーコスメポート
2009,コータコート
2010,コーチ
2011,コードナンバーエイト
2012,コーヒー・アンド・ミルク
2013,コーラオーガニックス
2014,コールドウェーブ
2015,コール ハーン
2016,コールブラック
2017,コカ
2018,コカンコキーヌ
2019,コキチカ
2020,コキナ
2021,コキュ
2022,コクーニスト
2023,コケティッシュ　テュアラ
2024,ココ
2025,ココアセブンティセブン
2026,ココシュニック
2027,ココディール
2028,ココブキ
2029,ココボンゴ
2030,ココマ
2031,ココマイスター
2032,ココルル
2033,ココルル by コーアンドルー
2034,ココルルミニ
2035,ココローズ ロンドン
2036,ココロブランド
2037,ココントーザイ
2038,コシノジュンコ
2039,コシュエコシュ
2040,コジェリ
2041,コス
2042,コスチューム ナショナル
2043,コスメキッチン
2044,コスメパティシエ
2045,コズ ジーンズ
2046,コズミック ワンダー
2047,コズミックワンダーライトソース
2048,コック
2049,コトゥー
2050,コトリカ
2051,コネクターズ
2052,コネクト
2053,コノミ
2054,コミューンドゥパリ
2055,コム デ ギャルソン オム ドゥ
2056,コムーン
2057,コムサ イズム
2058,コムサコレクション
2059,コムサ デ モード
2060,コムサ デモード サック
2061,コムサ フィユ
2062,コムサ フォセット
2063,コムサ マチュア
2064,コムサ モデルズ
2065,コム デ ギャルソン
2066,コムデギャルソンオム
2067,コムデギャルソンオムオム
2068,コムデギャルソンオムプリュス
2069,コムデギャルソンオムプリュスエバーグリーン
2070,コムデギャルソンシャツ
2071,コメックス
2072,コモドプラスト
2073,コモリ
2074,コモンプロジェクト
2075,コラージュ
2076,コラゾンデルアルマ
2077,コラントッテ アクティブ
2078,コルグ
2079,コルザ
2080,コルソローマ
2081,コルチ
2082,コルテ
2083,コルテスワークス
2084,コルテラルゴ
2085,コルディア
2086,コルトモルテド
2087,コルネリアーニ
2088,コルミーベイビー
2089,コルム
2090,コレカラ
2091,コレクションプリヴェ
2092,コレクターズクラブ
2093,コレクトポイント
2094,コレットマルーフ
2095,コレックス
2096,コロナ
2097,コロモバイデコスガイ
2098,コロンビア
2099,コロンボ
2100,コンアフェット
2101,コンスタンティーノ
2102,コンツェルト グロッソ
2103,コントーション
2104,コントロールフリーク
2105,コントワーデコトニエ
2106,コンナデザイン
2107,コンバース
2108,コンバーストウキョウ
2109,コンプリートフィネス
2110,コンプレックスビズ
2111,コンプロ
2112,コンポジション9
2113,コンポジションファイブ
2114,ゴア
2115,ゴウク
2116,ゴーゴーニーゴーギャラリー
2117,ゴースト
2118,ゴーストオブハーレム
2119,ゴーラ
2120,ゴールズインフィニティー
2121,ゴールデン グース
2122,ゴヤール
2123,ゴローズ
2124,ゴ
2125,ゴーサンゴーイチプーラファム
2126,ゴージ
2127,ゴースローキャラバン
2128,ゴープロ
2129,ゴーヘンプ
2130,ゴーマルイチ
2131,ゴールディ
2132,ゴールデンベア
2133,ゴールドトゥエンティーフォーカラッツディガーズ
2134,ゴールドファイル
2135,ゴゴシング
2136,ゴシップロサンゼルス
2137,ゴッティ
2138,ゴッド セレクション トリプルエックス
2139,ゴッドサイズ
2140,ゴドリス
2141,ゴム
2142,ゴムオム
2143,ゴムゴム
2144,ゴライコー
2145,ゴリラ
2146,ゴルトゲルト
2147,ゴロウタ
2148,ゴンドア
2149,サーカス
2150,サーカム
2151,サージェントサルート
2152,サージュデクレ
2153,サーチナ
2154,サーティンジャパン
2155,サード
2156,サードラック
2157,サーバイモイ
2158,サーパス
2159,サーフェストゥエア
2160,サーベニーマイルズ
2161,サイクル
2162,サイズテーラー
2163,サイダーハウス
2164,サイト
2165,サイファー
2166,サイモンミラー
2167,サイラス
2168,サヴァサヴァ
2169,サウザンドリーブス
2170,サウンズグッド
2171,サカイ
2172,サカイラック
2173,サカヨリ
2174,サガミンク
2175,サキャスティック
2176,サクスニーイザック
2177,サクラ
2178,サグライフ
2179,サグライフ
2180,ササフラス
2181,サザビー
2182,サシキ
2183,サスアンドバイド
2184,サスクワッチファブリックス
2185,サタデーズサーフニューヨークシティー
2186,サッカニー
2187,サック
2188,サッタ
2189,サトルタナカ
2190,サドルライツ
2191,サナトリウム
2192,サニークラウズ
2193,サニースポーツ
2194,サニースミス
2195,サニールーム
2196,サニーレーベル
2197,サヌーク
2198,サバーゼ
2199,サバト
2200,サバトサーティーン
2201,サビ
2202,サファー
2203,サブ ストリート
2204,サブソル
2205,サブフリーキー
2206,サブロク
2207,サボイ
2208,サボタージュ
2209,サマンサ ヴェガ
2210,サマンサ シルヴァ
2211,サマンサ タバサ
2212,サマンサタバサデラックス
2213,サマンサ タバサ ニューヨーク
2214,サマンサ タバサ プチチョイス
2215,サマンサティアラ
2216,サマンサベガセレブリティ
2217,サマンサモスモス
2218,サマンサモスモスブルー
2219,サミールナスリ
2220,サミールナスリ ジェム
2221,サムエデルマン
2222,サムシング
2223,サムソナイト
2224,サムデイズラヴィン
2225,サムドラ
2226,サムハスキンス
2227,サモール
2228,サヤ
2229,サラ
2230,サラグレース
2231,サラサラ
2232,サラサリー
2233,サラ ジョーンズ
2234,サラ ゾディアック
2235,サラナン
2236,サラバターリア
2237,サラバンド
2238,サラピンクマン
2239,サリア
2240,サルヴァトーレピッコロ
2241,サルヴァトーレ フェラガモ
2242,サルース
2243,サルサロッサ
2244,サルデバル
2245,サルトリア
2246,サルトリアアットリーニ
2247,サルトリオ
2248,サルトル
2249,サロニ
2250,サロン
2251,サロンデポーラ
2252,サロンデュラトリニーテ
2253,サロンドバルコニー
2254,サンエープラス
2255,サンカ
2256,サンカッケイ
2257,三京商会
2258,サンク
2259,サンクセンスオム
2260,サンクローバー
2261,サンゴ
2262,サンサ
2263,サンサーフ
2264,サンシー
2265,サンスキ
2266,サンスドゥヴィ
2267,サンスペル
2268,サンタクローチェ
2269,サンタフェ
2270,サンタモニカ
2271,サンダース
2272,サンダーソン
2273,サンティ
2274,サンテッリ フランチェスカ
2275,サンディアナップ
2276,サンディスク
2277,サンディ ダラル
2278,サンディニスタ
2279,サンディー
2280,サンデックバイニールバレット
2281,サントーニ
2282,サンド ストーム
2283,サンドロ
2284,サンドロフェローネ
2285,サンネンニクミ
2286,サンバティ
2287,サンヒデアキミハラ
2288,サンベイビーズ
2289,サンベットモン
2290,サンヨウヤマチョウ
2291,サンヨー
2292,サンリオ
2293,サンローラン
2294,ザ キッス
2295,ザシークレットクロゼット
2296,ザジ
2297,ザック バルガス
2298,ザッチェルズ
2299,ザテスト
2300,ザトゥーバンディッツ
2301,ザ ノースフェイス
2302,ザ ノース フェイス パープルレーベル
2303,ザビートルズコムデギャルソン
2304,ザ・フィフス・レーベル
2305,ザラ
2306,ザラティーアールエフ
2307,ザラベーシック
2308,ザリアーニ
2309,ザロウ
2310,ザ
2311,ザイゴード
2312,ザヴァージニア
2313,ザヴィリジアン
2314,ザクープルズ
2315,ザクラ
2316,ザケース
2317,ザシー
2318,ザシンゾーン
2319,ザジェネリックマン
2320,ザスタイリストジャパン
2321,ザセム
2322,ザソブリンハウス
2323,ザダファーオブセントジョージ
2324,ザックポーゼン
2325,ザディグエヴォルテール
2326,ザデイズトウキョウ
2327,ザドレスアンドコーヒデアキサカグチ
2328,ザネラート
2329,ザノーネ
2330,ザノベッティー
2331,ザバーム
2332,ザファースト
2333,ザフィフスウォッチ
2334,ザフール
2335,ザプールアオヤマ
2336,ザマーニ
2337,ザラキッズ
2338,ザラホーム
2339,ザリアルマッコイズ
2340,ザリアルマッコイズ
2341,ザローカルファーム
2342,ザンパ
2343,シアターエイト
2344,シアターコスチュームヒストリー
2345,シアタープロダクツ
2346,シアテ
2347,シー
2348,シー アンド エー
2349,シー アンド シー カリフォルニア
2350,シーイー
2351,シーウィー
2352,シーエイチピーオー
2353,シーエス
2354,シーエヌ
2355,シーカー
2356,シーガル フォー
2357,シークレットキー
2358,シークレットハニー
2359,シークレットベース
2360,シークレット　マジック
2361,シーケーカルバンクライン
2362,シーサー
2363,シーシーエム
2364,CCクロス
2365,シースウェイ
2366,シーズック
2367,シーツーエイチフォー
2368,シーティー・プラージュ
2369,シーディーエスベーシック
2370,シードレス
2371,シーニーオン
2372,シーニューヨーク
2373,シー バイ クロエ
2374,シービーアニュー
2375,シーピーカンパニー
2376,シーピーシースキャンプ
2377,シープラスヘッドウェアー
2378,シープラスヘッドウェアーズ
2379,シールームリン
2380,シーロン
2381,シヴァ
2382,シェイク シェイク
2383,シェイディ
2384,シェイナー
2385,シェイプ ゾーン
2386,シェットランダー
2387,シェデル
2388,シェリー
2389,シェリーアイランド
2390,シェリーモナ
2391,シェル
2392,シェルヴール
2393,シェルター
2394,シェルター オリジナル
2395,シェルレイ
2396,シェルヴィーノストリート
2397,シェロー
2398,シェロム
2399,シェアパーク
2400,シエナ
2401,シエラレオン
2402,シエラ レオン バイ ジェネ
2403,シェリエットバイプライムパターン
2404,シカタ
2405,シガーソンモリソン
2406,シキカトウキョウ
2407,シクサー
2408,シクラス
2409,シシ
2410,シシロッシ
2411,システレ
2412,シセ
2413,シソーラス
2414,シチズン
2415,シックウィッシュ
2416,シックス
2417,シックスシックスシックス
2418,シックススジューン
2419,シックスバイスウェア
2420,シックスパック
2421,シップス
2422,シップスキッズ
2423,シップスジェットブルー
2424,シップスフォーウィメン
2425,シップスリトルブラック
2426,シティーラブ
2427,シティショップ
2428,シティズンスオブヒューマニティ
2429,シティ
2430,シトラス
2431,シトラスノーツ
2432,シナコバ
2433,シネマクラブ
2434,シビリア
2435,シビルレジーム
2436,シプリーアンドハルモス
2437,シボネ
2438,しまむら
2439,シマロン
2440,シミエール
2441,シモーヌぺレール
2442,シモーヌリスト
2443,シモーネロシャ
2444,シモネッタ
2445,シャーロットルッセ
2446,シャーロットロンソン
2447,シャイナー
2448,シャイニング
2449,シャガデリック
2450,シャシ
2451,シャツ
2452,シャニット
2453,シャネル
2454,シャマ
2455,シャルメ
2456,シャルルアナスタス
2457,シャルルガルニエ
2458,シャルル ジョルダン
2459,シャルロットオリンピア
2460,シャルロットシェネ
2461,シャロンワコブ
2462,シャンテクレール
2463,シャンパン
2464,シャンブルドゥシャーム
2465,シャンブルドニーム
2466,シャカ
2467,シュヴァル エレ
2468,シューズオブプレイ
2469,シューズライクポタリー
2470,シュウッド
2471,シューバーディーセ
2472,シュービズ
2473,シュープ
2474,シュープリームビーイング
2475,シュープリーム ララ
2476,シューラルー
2477,シュールムジュール
2478,シュカ
2479,シュカグローバルワーク
2480,シュガーケーン
2481,シュガーシェイプス
2482,シュガーラッシュ
2483,シュガーローズ
2484,シュテフィス
2485,シュナイダーブーツ
2486,シュピゲン
2487,シュベック
2488,シュペリオールレイバー
2489,シュルック
2490,シュワルツエチエンヌ
2491,瞬足
2492,シュガーシュガー
2493,シュルリアル
2494,ショーティ
2495,ショーメ
2496,ショーンサムソン
2497,ショコラフィネローブ
2498,ショスールラパン
2499,ショセ
2500,ショセット
2501,ショック
2502,ショップニコニコ
2503,ショパール
2504,シリシリ
2505,シリリュス
2506,シルヴィオベッテレッリ
2507,シルバー ジーンズ
2508,シルバーバレット
2509,シルバーレーク
2510,シルバノサセッティ
2511,シルバノマッツァ
2512,シルバノランタンジ
2513,シロイ
2514,シロタビ
2515,シロップ
2516,シンアンドカンパニー
2517,シンイチロウ アラカワ
2518,シンクビー！
2519,シンクロニシティ
2520,シンシア
2521,シンシアヴィンセント
2522,シンシア ローリー
2523,シンゾーン
2524,シンダビー
2525,シンディー
2526,シンプリシテェ
2527,シンプルライフ
2528,ジーヴィジーヴィ
2529,ジーエイチバス
2530,ジーザスシンダストリーズ
2531,ジーシーディーエス
2532,ジーショック
2533,ジースターロゥ
2534,ジースポークバイザックポーゼン
2535,ジーゼニア
2536,ジーナシス
2537,ジーフィット
2538,ジーユー
2539,ジーン ナッソーズ
2540,ジウディ
2541,ジェイ&アール
2542,ジェイ&カンパニー
2543,ジェイエスジー
2544,ジェイエヌビーワイ
2545,ジェイエフレディイメイド
2546,ジェイエム バイ ジョニー　モーク
2547,ジェイオーエー
2548,ジェイクルー
2549,ジェイコブ
2550,ジェイダ
2551,ジェイダブリューブライン
2552,ジェイムスシャルロット
2553,ジェイロー
2554,ジェービー
2555,ジェームス
2556,ジェームス パース
2557,ジェームスモルティマー
2558,ジェームズ コヴィエロ
2559,ジェーン マープル
2560,ジェットセットソロプラス
2561,ジェニー
2562,ジェニーパッカム
2563,ジェニファー
2564,ジェニファー
2565,ジェフリーフルビマーリ
2566,ジェマリン
2567,ジェラート・ピケ
2568,ジェラールダレル
2569,ジェリーガルシアプレミアムウェア
2570,ジェリー ビーンズ
2571,ジェルス
2572,ジェロームドレイフュス
2573,ジエレ
2574,ジ エンポリアム
2575,ジオ スポーツ
2576,ジジエマリア
2577,ジッポー
2578,ジネス
2579,ジネット
2580,ジバンシー
2581,ジミー チュウ
2582,ジムフレックス
2583,ジム マスター
2584,ジャーナル スタンダード
2585,ジャイロ
2586,ジャガールクルト
2587,ジャスグリッティー
2588,ジャスティン デイビス
2589,ジャゼ
2590,ジャックゴム
2591,ジャックスペード
2592,ジャックパーセル
2593,ジャッシー
2594,ジャニス バイ ギャルズビル
2595,ジャニスマーケット
2596,ジャムホームメイド
2597,ジャンク フード
2598,ジャン コロナ
2599,ジャンニ ヴェルサーチ
2600,ジャンニキャリーニ
2601,ジャンニゼナ
2602,ジャンニバルバート
2603,ジャンニヴェルサーチクチュール
2604,ジャンフランコ フェレ
2605,ジャンポールゴルチェオム
2606,ジャン ポール ゴルチエ
2607,ジューシー クチュール
2608,ジュール アン ジュール
2609,ジュエティ
2610,ジュエリーツツミ
2611,ジュエリーマキ
2612,ジュエル ジュエラ
2613,ジュエルチェンジズ
2614,ジュエルナ ローズ
2615,ジュスカ
2616,ジュゼ
2617,ジュゼッペザノッティオム
2618,ジュゼッペザノッティヴィオネ
2619,ジュティク
2620,ジュディ
2621,ジュピター
2622,ジュリアーノジュリ
2623,ジュリアンデイヴィッド
2624,ジュリアンヘイクス
2625,ジュリエッタヴェローナ
2626,ジュリル
2627,ジュン アシダ
2628,ジュンコ シマダ
2629,ジュンヤワタナベコムデギャルソン
2630,ジュンヤワタナベコムデギャルソンデニム
2631,ジュンヤワタナベコムデギャルソンマン
2632,自由区
2633,ジョア
2634,ジョイアス
2635,ジョイリッチ
2636,ジョイントワークス
2637,ジョー ケイスリー ヘイフォード
2638,ジョージア ラブ
2639,ジョージコックス
2640,ジョーズ ジーンズ
2641,ジョープ
2642,ジョシュアサンダース
2643,ジョシュ　レアック
2644,ジョゼフオム
2645,ジョナサンサンダース
2646,ジョニーモーク
2647,ジョリー
2648,ジョリー ブティック
2649,ジョリトゥジュール
2650,ジョルジオ アルマーニ
2651,ジョンウェザー
2652,ジョンエリオット
2653,ジョン ガリアーノ
2654,ジョン スメドレー
2655,ジョン タロック
2656,ジョンハーディ
2657,ジョン モロイ
2658,ジョンローレンスサリバン
2659,ジョンロシャ
2660,ジラールペルゴ
2661,ジリ
2662,ジルキー
2663,ジル サンダー
2664,ジルサンダーネイビー
2665,ジル スチュアート
2666,ジン
2667,ジンジャーアンドスプラウト
2668,ジ
2669,ジィヒステリックトリプルエックス
2670,ジーアールエヌ
2671,ジーアンドジー
2672,ジーウェイ
2673,ジーエフ
2674,ジーエフエル
2675,ジーエムアールエヌ
2676,ジーエルハート
2677,ジーゲラン
2678,ジーザスディアマンテ
2679,ジージーディー
2680,ジーティーアー
2681,ジーティーホーキンス
2682,ジードライブ
2683,ジーバ
2684,ジーブランド
2685,ジーボーラー
2686,ジーユニット
2687,ジーンズメイト
2688,ジーンディアデム
2689,ジェイアンドエムデヴィッドソン
2690,ジェイサバティーノ
2691,ジェイソンウー
2692,ジェイダブリューアンダーソン
2693,ジェイビーエス
2694,ジェイフェリー
2695,ジェイブランド
2696,ジェイプレスレディス
2697,ジェーアイマックス
2698,ジェーエムウエストン
2699,ジェーピーエス
2700,ジェーンアイルデール
2701,ジェーンショールズ
2702,ジェットセット
2703,ジェットレーベル
2704,ジェニファーロペス
2705,ジェネティックデニム
2706,ジェネティックマニピュレイション
2707,ジェネラ
2708,ジェフリーキャンベル
2709,ジェラード
2710,ジェリー
2711,ジェリーガルシア
2712,ジェレミースコット
2713,ジェレメッツソロ
2714,ジェンズパイレーツブーティ
2715,ジェンダー
2716,ジェンナロ
2717,ジェーンスミス
2718,ジエダ
2719,ジェニィラブ
2720,ジエルダーステイトマン
2721,ジーンズファクトリー
2722,ジクーセレクト
2723,ジグソー
2724,ジスト
2725,ジダイヤ
2726,ジップファイブ
2727,ジプシー05
2728,ジプシーアンドサンズ
2729,ジミー
2730,ジャーナルスタンダードホームステッド
2731,ジャーナルスタンダードラックス
2732,ジャーナルスタンダードレリューム
2733,ジャーム
2734,ジャイロホワイト
2735,ジャカディ
2736,ジャガーエッジ
2737,ジャクソンマティス
2738,ジャグマート
2739,ジャコメッティ
2740,ジャジャブーン
2741,ジャスエムビー
2742,ジャストカヴァリ
2743,ジャストビギ
2744,ジャッカス
2745,ジャニーズ
2746,ジャマンピュエッシュ
2747,ジャムホームメイドアンドレディメイド
2748,ジャランスリウァヤ
2749,ジャンヴィットロッシ
2750,ジャングルキャット
2751,ジャングルロコ
2752,ジャンスポーツ
2753,ジャンニガリアノーネ
2754,ジャンニセッラ
2755,ジャンニバルバート
2756,ジャンニバレンチノ
2757,ジャンバティスタヴァリ
2758,ジャンパトゥ
2759,ジャンピエールブラガンザ
2760,ジャンルイシェレル
2761,ジャーナルスタンダードファニチャー
2762,ジャーナルスタンダードレサージュ
2763,ジャックアンドマリー
2764,ジュヴェナイルホールロールコール
2765,ジューゴ
2766,ジュヴゾンプリ！
2767,ジュエリウム
2768,ジュエルズ
2769,ジュエルズシーク
2770,ジュコ
2771,ジュジュ
2772,ジュジュエッタ
2773,ジュゼッペザノッティ
2774,ジュゼッペザノッティデザイン
2775,ジュディーオウガーデザイン
2776,ジュディーブレーム
2777,ジュネヴィエーブ
2778,ジュピターゴールドレーベル
2779,ジュリアーノフジワラ
2780,ジュリアナジャボール
2781,ジュンキーノ
2782,ジュンクラブ
2783,ジューシーロックオリジナル
2784,ジュエッテ
2785,ジュビリー
2786,ジョアンナホー
2787,ジョウタロウサイトウ
2788,ジョエルガニャール
2789,ジョーイヒステリック
2790,ジョーカー
2791,ジョージア
2792,ジョージクレバリー
2793,ジョージジェンセン
2794,ジョージマーチン
2795,ジョーマッコイ
2796,ジョーマローン
2797,ジョセフエロール
2798,ジョゼフ
2799,ジョナック
2800,ジョニークール
2801,ジョニースペード
2802,ジョニーブレイズ
2803,ジョボヴィッチホーク
2804,ジョリーモンド
2805,ジョルジオブラット
2806,ジョンアンダーカバー
2807,ジョンストンズ
2808,ジョンズクロージング
2809,ジョンズサーフ
2810,ジョンセバーソン
2811,ジョンソンズ
2812,ジョンリッチモンド
2813,ジョンリブ
2814,ジョンリンクス
2815,ジョンロブ
2816,ジョーイファクトリー
2817,ジョージズ
2818,ジラソール
2819,ジラフ
2820,ジル
2821,ジルスチュアートニューヨーク
2822,ジルバイジルスチュアート
2823,ジルベージルベー
2824,ジレ
2825,ジレッリブルーニ
2826,ジンカトウ
2827,ジンコ
2828,ジンジャーエール
2829,ジンズ
2830,ジンターラ
2831,スアーヴ
2832,スイートピー
2833,スイートルーム
2834,スイキョウ
2835,スイコック
2836,スイコミアンダーグラウンド
2837,スイサダルテンデンシーズ
2838,スイマー
2839,スイレン
2840,スウィート キャメル
2841,スウィートパッション
2842,スウィートビー
2843,スウィート ビースト
2844,スウィングル
2845,スウィートマミー
2846,スウェア
2847,スーザンベル
2848,スースースー
2849,スーチ
2850,スーナウーナ
2851,スーパー
2852,スーパーサンクス
2853,スーパーサングラス
2854,スーパースター
2855,スーパー ハッカ
2856,スーパーファイン
2857,スーパー ラヴァーズ
2858,スープ
2859,スープラ
2860,スール
2861,スカイハイ
2862,スカラ
2863,スカラー
2864,スカラーパリティ
2865,スカルキャンディ
2866,スカルシット
2867,スガハラ
2868,スキーモ
2869,スキニーディップ
2870,スキニー ミニー
2871,スキニーリップ
2872,スキャパ
2873,スクイーズアウト
2874,スクウェアエニックス
2875,スクーカム
2876,スクープ
2877,スクエア
2878,スクオーバル
2879,スケッチャーズ
2880,スケドーニ
2881,スコッチ＆ソーダ
2882,スコッチハウス
2883,スコットクラブ
2884,スザンナダイ
2885,スズキタカユキ
2886,スタージュエリー
2887,スタースタイリング
2888,スターターブラックレーベル
2889,スターバックスコーヒー
2890,スタイルコム
2891,スタイルストーカー
2892,スタイルデリ
2893,スタイルナンダ
2894,スタイルブロック
2895,スタイレスト
2896,スタジオウォーターフォール
2897,スタッカート
2898,スタッドオム
2899,スタディオクリップ
2900,スタニングルアー
2901,スタビライザー
2902,スタンザイン
2903,スタンダード　サプライ
2904,スタンダードウェア
2905,スタンダードカリフォルニア
2906,スタンプドエルエー
2907,スタンリーゲス
2908,スタンリーブラッカー
2909,スチームクリーム
2910,スチュワートワイツマン
2911,スック
2912,スティーブ マデン
2913,スティーブモノ
2914,スティーブンアラン
2915,スティーブンソンオーバーオール
2916,スティールエコンフォール
2917,スティグマータ
2918,スティッチ
2919,スティッチーズ
2920,スティッフ
2921,スティルグッド
2922,スティルグリーン
2923,スティルバイハンド
2924,ステイアップレイト
2925,ステイトオブエスケープ
2926,ステイプル
2927,ステディ バイ リッチ
2928,ステファニエ
2929,ステファネル
2930,ステファノガンバ
2931,ステファノバレンチノ
2932,ステファノビジ
2933,ステファノブランキーニ
2934,ステファノベーメル
2935,ステファノマーノ
2936,ステファノリッチ
2937,ステファンケリアン
2938,ステファン シュナイダー
2939,ステファンベルディーノ
2940,ステューシー
2941,ステュディオス
2942,ステュディオダルチザン
2943,ステラシフォン
2944,ステラジーン
2945,ステラ マッカートニー
2946,ストージャ
2947,ストーリーズ
2948,ストール
2949,ストールマンテラッシ
2950,ストールンガールフレンズクラブ
2951,ストーンアイランド
2952,ストフ
2953,ストラ
2954,ストラダエスト
2955,ストラネス
2956,ストラマ
2957,ストリームトレイル
2958,ストロベリーフィールズ
2959,ストロベリーフィールズグレース
2960,ストンプスタンプ
2961,スナールエクストラ
2962,スナイデル
2963,スナイデルガール
2964,スナイプヘッド
2965,スナオクワハラ
2966,スナッチ
2967,スナフー
2968,スニープ ディップ
2969,スニップ スナップ
2970,スヌーピー
2971,スヌープドッグ
2972,スノ
2973,スパイシーマーマレード
2974,スパイス
2975,スパイラルガール
2976,スパイラルテンプト
2977,スパンク
2978,スビ
2979,スピーガ
2980,スピックアンドスパン
2981,スピック＆スパンノーブル
2982,スピングルニーマ
2983,スピンズ
2984,スプートニク
2985,スプリングコート
2986,スプルース
2987,スプレイ
2988,スプレッドホーク
2989,スベヌ
2990,スペースバグ
2991,スペード
2992,スペクタクル
2993,スペクトラム
2994,スペリー
2995,スペルガ
2996,スペルバウンド
2997,スペンサーハート
2998,スペンディーズストア
2999,スボルメ
3000,スポーツマックス
3001,スポッテッドホース
3002,スポルス
3003,スマートピンク
3004,スマイソン
3005,スマッキーグラム
3006,スマックエンジニア
3007,スマディー
3008,スミスアメリカン
3009,スムージー
3010,スメリー
3011,スモーク
3012,スモック ショップ
3013,スライ
3014,スライ ラング
3015,スラップショット
3016,スラドキー
3017,スラバ
3018,スラブバイスラブ
3019,スラントワイズ
3020,スリーアズフォー
3021,スリーオールドサーカス
3022,スリーコインズ
3023,スリードットターコイズ
3024,スリーナイン
3025,スリーハンドレッドサーティーデイズ
3026,スリーバイワン
3027,スリーフォータイム
3028,スリーブラインドマイス
3029,スリープ
3030,スリオ
3031,スリクソン
3032,スレトシス
3033,スロウオン
3034,スロウガン
3035,スローウェア
3036,スローブイエナ
3037,スロンスクエア
3038,スワッガー
3039,スワティ
3040,スワロフスキー
3041,スワンキー
3042,スワン キス
3043,スワンク
3044,スワンジー
3045,スンクーパリ
3046,ズッカ
3047,ズッケロフィラート
3048,ズ
3049,ズール
3050,ズッパディズッカ
3051,ズルパプワ
3052,ズンバ
3053,ズンバナ
3054,セイ
3055,セイクアノン
3056,セイクレッド ブルー
3057,セイゲキ
3058,セイコー
3059,セイセイ
3060,セイハロー
3061,セイバー
3062,セヴィルロウ
3063,セウウ
3064,セヴシグ
3065,セヴントゥエルヴサーティ
3066,セーブカーキユナイテッド
3067,セーブルクラッチ
3068,セオリー
3069,セオリーリュクス
3070,セクシーダイナマイト
3071,セクシーダイナマイトロンドン
3072,セクスプリメ
3073,セサミストリート
3074,セシール
3075,セシカ
3076,セシル マクビー
3077,セスト
3078,セタイチロウ
3079,セッキアーリミケーレ
3080,セック
3081,セックスポット
3082,セックスポットリベンジ
3083,セッスン
3084,セッティミッシモ
3085,セディショナリーズ
3086,セトレ ボン ボン
3087,セドリックシャルリエ
3088,セフト
3089,セブンアイディコンセプト
3090,セブンズ
3091,セブンティーシックスルブリカンツ
3092,セブンティーフォー
3093,セブンデイズサンデイ
3094,セブントゥエルブサーティー
3095,セブントゥエルブサーティーサントロペ
3096,セブンフォオールマンカインド
3097,セベージュ
3098,セボ
3099,セポ
3100,セラビ
3101,セラファン
3102,セリーヌ
3103,セルヴィッジ
3104,セルジオ ヴァレンテ
3105,セルジオロッシ
3106,セルジュトラヴァル
3107,セルストア
3108,セルフォンテイン
3109,セルフポートレイト
3110,セルフレーム
3111,セレーヌデプト
3112,セレクト
3113,セレクト フレーム
3114,セレクトモカ
3115,セレニティースティルモーメント
3116,セレモニー
3117,センサードセンティエント
3118,センシスタジオ
3119,センス
3120,センスオブプレイスバイアーバンリサーチ
3121,センソユニコ
3122,セント ジェームス
3123,セントジョン
3124,セントレアマラント
3125,センドラ
3126,センブル
3127,セ・バントゥア
3128,ゼチア
3129,ゼニアスポーツ
3130,ゼニス
3131,ゼルパリ
3132,ゼロマリアコルネホ
3133,ゼ
3134,ゼール
3135,ゼスケープ
3136,ゼットイーアール
3137,ゼネラルサプライ
3138,ゼノウォッチ
3139,ゼハート
3140,ゼミリュクス
3141,ゼロゼロヨンヨンパリ
3142,ゼロハチマブ
3143,ゼロハリバートン
3144,ゼン
3145,ソアー
3146,ソアリーク
3147,ソイル
3148,ソウソウ
3149,ソウルフランキー
3150,ソー
3151,ソーイ
3152,ソーク
3153,ソーシャルウェア
3154,ソーシャルガール
3155,ソード フィッシュ
3156,ソーレ
3157,ソコラ
3158,ソサエティシックス
3159,ソジュールダイヤ
3160,ソット
3161,ソニアバイソニアリキエル
3162,ソニア リキエル
3163,ソニックラブ
3164,ソノマ
3165,ソフィアウェブスター
3166,ソフィアココサラキ
3167,ソフィアコレクション
3168,ソフィーテアレット
3169,ソフィードール
3170,ソフィーヒュルム
3171,ソフィーブハイ
3172,ソフィット
3173,ソフィフィンジ
3174,ソフィラ
3175,ソフティノス
3176,ソフネット
3177,ソブ
3178,ソブリン
3179,ソマリ
3180,ソマルタ
3181,ソメ
3182,ソラチナ
3183,ソリード
3184,ソルフェージュ
3185,ソルプレーサ
3186,ソルベリー
3187,ソレイアード
3188,ソレイユ
3189,ソレイユコレクション
3190,ソレル
3191,ソロヴェアー
3192,ソログッド
3193,ソワール
3194,ソンタク
3195,ソンモ
3196,ゾーカーセン
3197,ゾーンブルー
3198,ゾコーラ
3199,ゾ
3200,ゾーイ
3201,ゾッピーニ
3202,ゾフ
3203,ゾライデ
3204,ターグバイヘリノックス
3205,ターチー
3206,ターニッシュアンドツイスト
3207,タイシノブクニ
3208,タイドウェイ
3209,タイニークリーク
3210,タイハチロウキンセイ
3211,タイムレスコンフォート
3212,タイユアタイ
3213,タイロック
3214,タヴァニティ ソー ジーンズ
3215,タエアシダ
3216,タカキュー
3217,タカクラゾメ
3218,タカミチクマザキ
3219,タカラヤ
3220,タクーン
3221,タクシックスター
3222,タクミハタケヤマ
3223,タグ ホイヤー
3224,タケオ キクチ
3225,タケオニシダ
3226,タケゾートヨグチ
3227,タサキ
3228,タサキシンジュ
3229,タシ
3230,タススタンダード
3231,タスタス
3232,タタミ
3233,タダシ
3234,タダシショウジ
3235,タックシュッパン
3236,タトラス
3237,タニノクリスチー
3238,タバサ エ ピッチュン
3239,タビオ
3240,タビサシモンズ
3241,タビタ
3242,タブー
3243,タブロイド ニュース
3244,タマオ
3245,タマス クレセント
3246,タラジャーモン
3247,タリアトーレ
3248,タリー
3249,タリーズコーヒー
3250,タルサ
3251,タルティーヌ エ ショコラ
3252,タンデム
3253,タンピコ
3254,タンブゥ
3255,ダーク ビッケンバーグ
3256,ダイアグラム
3257,ダイアナ
3258,ダイアン フォン ファステンバーグ
3259,ダイヤ
3260,ダコタ
3261,ダジュール
3262,ダズリン
3263,ダチュラ
3264,ダックス
3265,ダナー
3266,ダナ キャラン ニューヨーク
3267,ダナン
3268,ダニエラ・グレジス
3269,ダニエルパリッロ
3270,ダフナ
3271,ダブ
3272,ダブリューアイエー
3273,ダブルアール
3274,ダブルアールエル
3275,ダブルアールエルラルフローレン
3276,ダブルクローゼット
3277,ダブルシー
3278,ダブル スタンダード クロージング
3279,ダルデベール
3280,ダンスエルビー ゼロ スリー
3281,ダンヒル
3282,ダ
3283,ダークヴァンセーヌ
3284,ダークシャドウ
3285,ダークショーンベルガー
3286,ダージリンデイズ
3287,ダイ
3288,ダイアモンドドッグス
3289,ダイヤモンドビューティー
3290,ダヴォッチ
3291,ダダフローラ
3292,ダッキーブラウン
3293,ダックアンドカバー
3294,ダナキャラン
3295,ダナキャランニューヨークウィメン
3296,ダニーアンドアン
3297,ダニエラアンドジェマ
3298,ダニエルアンドボブ
3299,ダニエルウェリントン
3300,ダニエルクレミュ
3301,ダネーゼ
3302,ダノン
3303,ダバガール
3304,ダフイ
3305,ダフナブーツ
3306,ダブリュー
3307,ダブルジェイケイダブル
3308,ダブルジェイケイワンマイル
3309,ダブルダージル
3310,ダブルネーム
3311,ダブルハード
3312,ダブルピーシー
3313,ダボロ
3314,ダミアーニ
3315,ダミー
3316,ダミールドーマ
3317,ダンケシェーン
3318,ダンズ
3319,ダントン
3320,ダンラヴィ
3321,チアー
3322,チアキカタギリ
3323,チーク
3324,チークバイアルシーヴ
3325,チージーズ
3326,チーズ
3327,チーニー
3328,チェーザレパチョッティ
3329,チェスティ
3330,チェスナット　ヒル
3331,チェリーアン
3332,チェルシー
3333,チェルシーガーヴ
3334,チェレーザ
3335,チェンジズ
3336,チェンバー
3337,チエミハラ
3338,チェルカ
3339,チチカカ
3340,チ チ ニューヨーク
3341,チチロンドン
3342,チック バイ ニッキーヒルトン
3343,チックマン
3344,チップ アンド ペッパー
3345,チナム
3346,チヒロヤスダ
3347,チャーチ
3348,チャームカルト
3349,チャールズアンドキース
3350,チャイカ
3351,チャイキム
3352,チャイニーズランドリー
3353,チャイハネ
3354,チャイルド ウーマン
3355,チャイルドフッド
3356,チャオパニック
3357,チャオパニックティピー
3358,チャコット
3359,チャチママ
3360,チャチャズハウスオブイルリピュート
3361,チャットチャット
3362,チャティアロマ
3363,チャプターセレクト
3364,チャムス
3365,チャラヤン
3366,チャリアンドコー
3367,チャレンジャー
3368,チャンピオン
3369,チャンミー
3370,チャンルー
3371,チャウダーバイポニーゴーラウンド
3372,チャプターワールド
3373,チャムチャム
3374,チュアンピサマイ
3375,チュウ
3376,チュージーチュー
3377,チュウ チュ
3378,チュチュア
3379,チュチュアンナ
3380,チュナピュシス
3381,チュバスコ
3382,チユキ
3383,チョイス
3384,チョコホリック
3385,チョコラテアルヘンティナ
3386,チョコレートシューバー
3387,チル
3388,チル
3389,チルアナップ
3390,チンクアンタ
3391,チヴィディーニ
3392,ツイードミル
3393,ツイン
3394,ツインセット
3395,ツインルーム
3396,ツゥールズ
3397,ツヴィリングジェイエーヘンケルス
3398,ツーケイバイギンガム
3399,ツータックス
3400,ツーディライブ
3401,ツーハッチ
3402,ツーピース
3403,ツープラスアルファ
3404,ツタエ
3405,ツツミ
3406,ツビ
3407,ツボ
3408,ツモリ チサト
3409,ツモリ チサト ウォーク
3410,ツモリ チサト キャリー
3411,ツモリ チサト スリープ
3412,ツモリチサトドレス
3413,ツモリチサトルーム
3414,ツル
3415,ツルバイマリコオイカワ
3416,テアシュデラメゾン
3417,ティアクラッセ
3418,ティアラ
3419,ティアラミリー
3420,ティアンエクート
3421,ティーエイチクラフト
3422,ティーエスエス
3423,ティーエムティー
3424,ティーケーガーメントサプライ
3425,ティージー
3426,ティーディー
3427,ティーバイアレキサンダーワン
3428,ティーヒー
3429,ティービススタジオ
3430,ティー ユー ケイ　シューズ
3431,ティーラインロサーゼン
3432,ティーラボ
3433,ティーリサ
3434,ティーンエイジ ミリオネア
3435,ティエリーミュグレー
3436,ティグルブロカンテ
3437,ティスケンスセオリー
3438,ティップトップ
3439,ティティ アンド コー
3440,ティティベイト
3441,ティテ インザ ストア
3442,ティナカリバス
3443,ティノラス
3444,ティビ
3445,ティファニー
3446,ティプトー
3447,ティム
3448,ティムキャンピー
3449,ティムハミルトン
3450,ティモシーエベレスト
3451,ティヤマイパリ
3452,ティラマーチ
3453,ティル
3454,ティルト
3455,ティンクピンク
3456,ティンバーランド
3457,ティーエスエル
3458,ティーシーエスエス
3459,テイクアップ ピュア
3460,テイクアップ
3461,帝人ワオ
3462,ティティレートヴァレット
3463,テイラーデザイン
3464,テゥエンティーエイティー
3465,テーラートウヨウ
3466,テクノス
3467,テ チチ
3468,テチチテラス
3469,テッドベイカー
3470,テッドマン
3471,テテイ
3472,テディショップ
3473,テラプラナ
3474,テレサ・カンビ
3475,テレザユキコヤマシタ
3476,テレム
3477,テンエイト
3478,テンダーラビンケア
3479,テンテス
3480,テンディープ
3481,テンデンス
3482,テンパリーロンドン
3483,ディアフルーラ
3484,ディア プリンセス
3485,ディアラ
3486,ディアンジェラ
3487,ディー アンド ジー
3488,ディー アンド ジー
3489,ディーケーエヌワイ
3490,ディースクエアード
3491,ディーゼル
3492,ディーゼルブラックゴールド
3493,ディープ スウィート イージー
3494,ディーホリック
3495,ディエチセイゼロオット
3496,ディオールオム
3497,ディサヤ
3498,ディシャス
3499,ディス
3500,ディスコート
3501,ディズニー
3502,ディップドロップス
3503,ディニテコリエ
3504,ディムエクレス
3505,ディメンシオーネ　ダンツァ
3506,ディレクトワール
3507,デイシー
3508,デイシービーチ
3509,デイジーリンフォクシー
3510,デイライル ノアール
3511,デービットオーブリー
3512,デザイナーズリミックス
3513,デシグアル
3514,デニー ローズ
3515,デビアスジュエリー
3516,デビュー ド フィオレバイ レッセ パッセ
3517,デ プレ
3518,デボラ シンニバルディ
3519,デミヴー
3520,デミルクス ビームス
3521,デュール
3522,デュダナエ
3523,デュベティカ
3524,デュポン
3525,デュラス
3526,デュラス アンビエント
3527,デラノ
3528,デル カルロ
3529,デルコンテ
3530,デルヴォー
3531,デンハム
3532,デ
3533,デアディア
3534,ディアーナ
3535,ディアザムラーソロ
3536,ディアスポラ
3537,ディアブル
3538,ディアブルベーゼ
3539,ディアマイラブ
3540,ディーエムジー
3541,ディーケーエフ
3542,ディーシーシューズ
3543,ディージェイホンダ
3544,ディータ
3545,ディーディーピー
3546,ディートゥウェルブ
3547,ディートゥエンティフォー
3548,ディーバス
3549,ディーパグルナニ
3550,ディーブイエス
3551,ディーブロス
3552,ディールデザイン
3553,ディエチ・コルソ・コモ
3554,ディオラート
3555,ディガウェル
3556,ディクショナリー
3557,ディグデザイン
3558,ディグレース
3559,ディコ
3560,ディサイプル
3561,ディシラ
3562,ディジ
3563,ディスカス
3564,ディスコバレー
3565,ディストリクト
3566,ディストリクトユナイテッドアローズ
3567,ディセンダント
3568,ディテールズ
3569,ディディジジ
3570,ディノス
3571,ディバイス
3572,ディフュジオーネテッシレ
3573,ディマジオ
3574,ディマティーニ
3575,ディリ
3576,ディレイバイウィンアンドサンズ
3577,ディレイン
3578,ディンヴァン
3579,ディアベル
3580,ディーループ
3581,デイシーミー
3582,デイジー
3583,デイジークレア
3584,デイジーストア
3585,デイズオブフリーダム
3586,ディビニーク
3587,デイリーニュース
3588,ディング
3589,ディヴァイナー
3590,デヴォア
3591,デウスエクスマキナ
3592,デキルコ
3593,デザートローズ
3594,デザインワークス
3595,デジタルディバース
3596,デックハンド
3597,デッドロータス
3598,デッサン
3599,デッドツアートラッキング
3600,デデス
3601,デデュー
3602,デニムアンドサプライラルフローレン
3603,デニムクラフト
3604,デニムバイヴァンキッシュフラグメント
3605,デノン
3606,デバステ
3607,デビアス
3608,デビッドヒックス
3609,デビュードフィオレ
3610,デビルユース
3611,デブラドゥルー
3612,デボラチューン
3613,デュアルスレッド
3614,デュークボイド
3615,デュープセレクト
3616,デュデドゥ
3617,デュラックス
3618,デュルブイ
3619,デュレル
3620,デュロオロウ
3621,デレオン
3622,デレクラム
3623,デンドロビウム
3624,トイプレーン
3625,トゥ ア クー
3626,トゥインクトゥインク
3627,トゥーアンドコー
3628,トゥートム
3629,トゥー ビー シック
3630,トゥーポール
3631,トゥールノジーナ
3632,トゥーワントゥーワンデザインサイト
3633,トゥエルブアジェンダ
3634,トゥエルブバイトゥエルブ
3635,トゥエンティーエイトトゥエルブバイエスミラー
3636,トゥエンティーミリオンフラッグメンツ
3637,トゥエンティファイブ
3638,トゥデイフル
3639,トゥナイト
3640,トゥミ
3641,トゥモローランド
3642,トゥララ
3643,トゥルーレリジョン
3644,トゥレイト
3645,トゥロウメン
3646,トゥージュヌーブ
3647,トゥーフェイシーズ
3648,トウキョウエクストラグレイド
3649,トウキョウデザインチャンネル
3650,トゥシェ
3651,トゥデイズスペシャル
3652,トウトウ
3653,トウヨウエンタープライズ
3654,トーガ
3655,トーガオッズアンドエンズ
3656,トーガプルラ
3657,トーキョーボッパー
3658,トーキングアバウトザアブストラクション
3659,トーチセレクト
3660,トーナル
3661,トーマスピンク
3662,トーマスマイヤー
3663,トーマスワイルド
3664,トーラ
3665,トールフリー
3666,トーンセレクトウェア
3667,トーンセレクトグッズ
3668,トキシラズ
3669,トキト
3670,トクコプルミエヴォル
3671,徳永俊一
3672,トスカーナ
3673,トスカブルー
3674,トッカ
3675,トッコ
3676,トッコ クローゼット
3677,トッズ
3678,トッドスナイダー
3679,トップシィ ターヴィ
3680,トップショップ
3681,トップマン
3682,トップイズム
3683,トニーモリー
3684,トニーラマ
3685,トネッロ
3686,トノ
3687,トピックラックス
3688,トフアンドロードストーン
3689,トプカピ
3690,トミー ジーンズ
3691,トミーナッター
3692,トミー ヒルフィガー
3693,トミ－ ガール
3694,トムグレイ
3695,トムズ
3696,トムビンズ
3697,トム フォード
3698,トムフォードアイウェア
3699,トムブラウン
3700,トムレヴェル
3701,トモエイシカワ
3702,トモキユリタ
3703,トライゴッド
3704,トライセクト
3705,トライバル
3706,トラサルディ
3707,トラックスター
3708,トラッツォ ドンナ
3709,トラップユー
3710,トラディショナルウェザーウェア
3711,トラニ
3712,トラマロッサ
3713,トランク
3714,トランクショー
3715,トランスコンチネンツ
3716,トランスフォーム
3717,トランスポート
3718,トランスワーク
3719,トランセンド
3720,トランナ
3721,トリーバーチ
3722,トリコーサ
3723,トリココムデギャルソン
3724,トリコットシック
3725,トリッカーズ
3726,トリックオアトリート
3727,トリップニューヨークシティ
3728,トリッペン
3729,トリト
3730,トリビア
3731,トリプティック
3732,トリプルエー
3733,トリプル ファイブ ソウル
3734,トリンプ
3735,トルーパー
3736,トルテ
3737,トルディア
3738,トルネードマートファム
3739,トレ
3740,トレイシーリース
3741,トレーサー
3742,トレシェット
3743,トロイ
3744,トロヴァータ
3745,トローヴ
3746,トロスマン
3747,トロフィークロージング
3748,トロワシュイス
3749,トロワゾ
3750,トロワラパンケーピー
3751,トワ
3752,ドゥーズィエム クラス
3753,ドゥーニー＆バーク
3754,ドゥシャン
3755,ドゥドゥ
3756,ドゥニーム
3757,ドゥファミリー
3758,ドゥミーカ
3759,ドープ アンド ドラッカー
3760,ドールアップウップス
3761,ドール キス
3762,ドクター ショール
3763,ドクターマーチン
3764,ドノヴァンキャドマン
3765,ドラッグストアーズ
3766,ドリス ヴァン ノッテン
3767,ドリッテ
3768,ドルチェ＆ガッバーナ
3769,ドレアング
3770,ドレスキップ
3771,ドレス キャンプ
3772,ドレステリア
3773,ドレ ドレ
3774,ドローム
3775,ドロシーズ
3776,ドン　エド　ハーディ
3777,ド
3778,ドゥアルシーヴ
3779,ドゥカティ
3780,ドゥクラッセ
3781,ドゥラメール
3782,ドゥルカマラ
3783,ドゥレラ
3784,ドゥロワー
3785,ドゥーラドゥーラ
3786,ドウカス
3787,ドゥラムファクトリー
3788,ドーバーストリートマーケット
3789,ドーピー
3790,ドーマ
3791,ドーリーガールバイアナスイ
3792,ドーリードール
3793,ドギャード
3794,ドクターデニム
3795,ドクターハウシュカ
3796,ドクターモンロー
3797,ドスチ
3798,ドッグカラー
3799,ドッグタウン
3800,ドットアンドストライプスチャイルドウーマン
3801,ドド
3802,ドノバン
3803,ドミニクシロ
3804,ドメニコアンドサヴィオ
3805,ドライザボーン
3806,ドラッパドット
3807,ドランヒール
3808,ドリアデ
3809,ドリーミングオブザシャイニングスターズ
3810,ドリット
3811,ドリフトウッド
3812,ドリフトレイジ
3813,ドルチェビータ
3814,ドルモア
3815,ドレイクス
3816,ドレストリップ
3817,ドレスドアンドレスド
3818,ドレスラボ
3819,ドレスレイブ
3820,ドロアーズ
3821,ドロシーパーキンス
3822,ドロワット ロートレアモン
3823,ドンペリニヨン
3824,ナーコティック
3825,ナージー
3826,ナイキ
3827,ナイシア
3828,ナイス クラップ
3829,ナイチチ
3830,ナイトエラン
3831,ナイトリッチ
3832,ナイトレイド
3833,ナイトロウ（ナイトレイド）
3834,ナイルパーチ
3835,ナイン
3836,ナイン ウエスト
3837,ナインティーンエイティフォー
3838,ナインルーラーズ
3839,ナウアイスタイル
3840,ナオキタキザワ
3841,中野 裕通
3842,ナダ
3843,ナチュラルヴィンテージ
3844,ナチュラルクチュール
3845,ナチュラルナイン
3846,ナチュラルバイフォクシー
3847,ナチュラル ビューティー
3848,ナチュラル ビューティー ベーシック
3849,ナチュラル ランドリー
3850,ナック
3851,ナッツ
3852,ナッツアンドボーンズ
3853,ナツコ グレース
3854,ナティックマリン
3855,ナディア
3856,ナディン
3857,ナデシコ
3858,ナナナナサーカ
3859,ナナミカ
3860,ナヌーシュカ
3861,ナネア
3862,ナネットレポー
3863,ナノ ユニバース
3864,ナバアサナ
3865,ナバーナ
3866,ナバル
3867,ナパトール
3868,ナフ ナフ
3869,波達
3870,ナム
3871,ナラカミーチェ
3872,ナラティブプラトゥーン
3873,ナラヤ
3874,ナルヴィック
3875,ナルエー
3876,ナルシス
3877,ナルシソロドリゲス
3878,ナルデリ
3879,ナンキンマメジルシ
3880,ナンシーゴンザレス
3881,ナンニーニ
3882,ナンハイツ
3883,ナンハイツプラス
3884,ナンバージュウイチ
3885,ナンバートゥエンティワン
3886,ナンバーナイン
3887,ナンバーヨンジュウヨン
3888,ニアーニッポン
3889,ニイーユキオー
3890,ニーウ
3891,ニードルス
3892,ニーナミュウ
3893,ニーム
3894,ニームドブルー
3895,ニールズヤード
3896,ニール バレット
3897,ニクソン
3898,ニコアンド
3899,ニコラアンドレアタラリス
3900,ニコラスアンドマーク
3901,ニコラスカークウッド
3902,ニコル
3903,ニコルクラブフォーメン
3904,ニコルファーリ
3905,ニコル ホワイト
3906,ニコル ミラー
3907,ニコロン
3908,ニッキー
3909,ニックスマニュファクチャリング
3910,ニットキッチン
3911,ニトカ
3912,ニナ リッチ
3913,ニニータ
3914,ニノ
3915,ニュアンス
3916,ニューバランス
3917,ニューヨーカー
3918,ニューヨークハット
3919,ニューリーミー
3920,ニュールック
3921,ニュー ロック
3922,ニューハッタン
3923,ニルアドミラリ
3924,ニルズ
3925,ヌーズ
3926,ヌーディー ジーンズ
3927,ヌードマサヒコマルヤマ
3928,ヌーブラ
3929,ヌーベル ヴォーグ
3930,ヌーベルレマニア
3931,ヌール
3932,ヌーンコペンハーゲン
3933,ヌォーボ
3934,ヌキテパ
3935,ヌメラルズ
3936,ヌメロウーノ
3937,ヌメロヴェントゥーノ
3938,ネイヴ
3939,ネイキッド クイーン
3940,ネイキッドサン
3941,ネイキッド ジーンズ
3942,ネイタルデザイン
3943,ネイチャーリパブリック
3944,ネイティブサンズ
3945,ネイバルリサーチ
3946,ネイビーナチュラル
3947,ネイビープロデュース
3948,ネーム
3949,ネオン
3950,ネオン ソーダ
3951,ネクスタイドエヴォリューション
3952,ネクスト
3953,ネスタブランド
3954,ネストローブ
3955,ネセセア
3956,ネットディマミーナ
3957,ネネカシレ
3958,ネ・ネット
3959,ネネモナ
3960,ネブラヴェンティ
3961,ネブローニ
3962,ネヘラ
3963,ネメス
3964,ノアール
3965,ノイエディフュージョン
3966,ノイハイト
3967,ノヴァアンドセルヴス
3968,ノエラ
3969,ノエル ノヴァ
3970,ノーアイディア
3971,ノーアイディー
3972,ノーイーストリー
3973,ノーエストリートラディション
3974,ノークワイエット
3975,ノーグラム
3976,ノーザリー
3977,ノーザントラック
3978,ノースショアチョコレートカンパニー
3979,ノーススター
3980,ノースプロジェクツ
3981,ノースワークス
3982,ノーティー
3983,ノーティアム
3984,ノートエシロンス
3985,ノー ネーム
3986,ノービーンズ
3987,ノーフィアー
3988,ノーブル
3989,ノーブルバース
3990,ノーベスパジオ
3991,ノーベター
3992,ノーマ
3993,ノーマティーディー
3994,ノーリーズ
3995,ノーリーズソフィ
3996,ノーリツ
3997,ノールシュド
3998,ノーワンエルス
3999,ノジェス
4000,ノスタリズム
4001,ノゾミイシグロ
4002,ノックアウト
4003,ノックス
4004,ノッシ
4005,ノット
4006,ノットソリッドスラッシュリキッド
4007,ノットノット
4008,ノティファイ
4009,ノータ
4010,ノミネ
4011,ノミネーション
4012,ノムディ
4013,ノムデゲール
4014,ノモク
4015,ノモス
4016,ノリコイケ
4017,ノルカ
4018,ノワール
4019,ノワールドプーペ
4020,ノンブル アンベール
4021,ハーヴァード
4022,ハーヴェストレーベル
4023,ハーシェル
4024,ハーシェルサプライ
4025,ハーディエイミス
4026,ハートイー
4027,ハート オブ モンゴリア
4028,ハートマーケット
4029,ハードカバー
4030,ハードコアチョコレート
4031,ハードヒット
4032,ハーバーサック
4033,ハーフマン
4034,ハーレーオブスコットランド
4035,ハーレムラウンジ
4036,ハイアール
4037,ハイエルディーケー
4038,ハイク
4039,ハイスタンダード
4040,ハイタイド
4041,ハイダーアッカーマン
4042,ハイドロゲン
4043,ハイノッチ
4044,ハイパーコア
4045,ハイミー
4046,ハイライトキャバレー
4047,ハイランドクラブ
4048,ハインリッヒディンケラッカー
4049,ハウスオブアンネ
4050,ハウスオブハーロウ1960
4051,ハウスオブホーランド
4052,ハウスゴールデングース
4053,ハウナチュラル
4054,ハウピア
4055,ハカーン
4056,ハク
4057,ハクサンガンキョウテン
4058,ハクバ
4059,ハグオーワー
4060,ハケイ
4061,ハケット
4062,ハコ
4063,ハズキルーペ
4064,ハッカベビー
4065,ハッシュアッシュ
4066,ハッシュブラウン
4067,ハッチ
4068,ハットアタック
4069,ハッピーソックス
4070,ハドソン
4071,ハナアフ
4072,ハナトギター
4073,ハニーサックルローズ
4074,ハニーサロン
4075,ハニーサロン バイ フォピッシュ
4076,ハニーシナモン
4077,ハニーズ
4078,ハニーズビッキー
4079,ハニー バンチ
4080,ハニービー
4081,ハニーミーハニー
4082,ハニイワイ
4083,ハバダッシュリー
4084,ハバナ
4085,ハバノス
4086,ハビチュアル
4087,ハピタス
4088,ハフ
4089,ハブアンドスポーク
4090,ハミルトン
4091,ハム
4092,ハリー ウインストン
4093,ハリウッドホットロッズ
4094,ハリウッドメイド
4095,ハリウッド ランチ マーケット
4096,ハリコットルージュ
4097,ハリス
4098,ハリスツイード
4099,ハルシ
4100,ハルタ
4101,ハルプ
4102,ハルミラノ
4103,ハルルアンドアナザーポエム
4104,ハレ
4105,ハロッズ
4106,ハワード
4107,ハワイアナス
4108,ハン アン スン
4109,ハンキーパンキー
4110,ハンコペンハーゲン
4111,ハンジロー
4112,ハンスキン
4113,ハンセンハンズトゥファイブセンス
4114,ハンター
4115,ハンティングワールド
4116,ハンテン
4117,ハンハルト
4118,バーク
4119,バージスブルック
4120,バーニーズ　ニューヨーク
4121,バーバリー
4122,バーバリー ブルーレーベル
4123,バーバリーブラックレーベル
4124,バーバリーブリット
4125,バーバリープローサム
4126,バーバリーロンドン
4127,バービー
4128,バーンサイド アベニュ
4129,バイ コースタル
4130,バイズ＆キュリアス
4131,バイバイ
4132,バオバオイッセイミヤケ
4133,バカラ
4134,バガリー
4135,バグッタ
4136,バザールクリスチャンラクロワ
4137,バックス
4138,バッグンナウン
4139,バッジェリーミシュカ
4140,バツ
4141,バディー リー
4142,バトラーヴァーナーセイルス
4143,バナー バレット
4144,バナナ フィッシュ
4145,バナナ・リパブリック
4146,バニティービューティー
4147,バニュルス
4148,バビペット
4149,バブアー
4150,バブルス
4151,バラク
4152,バランタイン カシミア
4153,バリー
4154,バリーガール
4155,バル
4156,バルコス
4157,バルコニー アンド ベット
4158,バルサラ
4159,バルダン
4160,バルバラビュイ
4161,バルマン
4162,バレンシアガ
4163,バンズ
4164,バンソンエミレイユ
4165,バンダイ
4166,バンブー グラス
4167,バンヤードストーム
4168,パーカー
4169,パーソンズ
4170,パーム
4171,パーリーゲイツ
4172,パーリッシィ
4173,パールマシェール
4174,パウダーシュガー
4175,パオラフェリー
4176,パオラ フラーニ
4177,パオロビオンディーニ
4178,パオロマージ
4179,パグ
4180,パコポベダ
4181,パタゴニア
4182,パッカ パッカ
4183,パッファ
4184,パトリック
4185,パトリックイーヴェル
4186,パトリック コックス
4187,パドカレ
4188,パネライ
4189,パブリックアイズ
4190,パブリックスクール
4191,パラジャンパーズ
4192,パラスコ
4193,パラダイス ピクニック
4194,パラディ クルール
4195,パラビオン
4196,パラブーツ
4197,パランコ
4198,パル ジレーリ
4199,パレアージュ
4200,パロットキャンバス
4201,パロマバルセロ
4202,バ
4203,バーカーブラック
4204,バークタンネイジ
4205,バーグラー
4206,バーツビーズ
4207,バートンイディオム
4208,バーナー
4209,バーニーブーツ
4210,バーバリアン
4211,バーフェイズ
4212,バーミキュラ
4213,バーミックス
4214,バーンドア
4215,バイアシナガオジサン
4216,バイアス
4217,バイオレットハンガー
4218,バイタススタンダード
4219,バイタミックス
4220,バイボー
4221,バイマレーネビルガー
4222,バイラビット
4223,バウブルバー
4224,バウムウンドヘルガーデン
4225,バウンサー
4226,バカナル
4227,バギール
4228,バクスターオブカリフォルニア
4229,バクレツランマンムスメ
4230,バグスアンドガーデナー
4231,バジエスポーツ
4232,バスアンドボディーワークス
4233,バズスパンキー
4234,バズリクソンズ
4235,バセットウォーカー
4236,バターロンドン
4237,バックアリーオールドボーイズ
4238,バックドロップ
4239,バックナンバー
4240,バックボーン
4241,バックボーンザベイシス
4242,バットレッド
4243,バッドボーイ
4244,バテンウェア
4245,バディ
4246,バトルドレスユニフォーム
4247,バナナ
4248,バナルシックビザール
4249,バニラコ
4250,バビロン
4251,バブラス
4252,バラシ
4253,バランスウェアデザイン
4254,バルコニー
4255,バルデセブンティセブン
4256,バルバ
4257,バルバラジー
4258,バルボ
4259,バルミューダ
4260,バレット
4261,バレナ
4262,バレルズ
4263,バレンシアガバッグ
4264,バレンタインハイ
4265,バレンティーニ
4266,バロー
4267,バローニオ
4268,バンクス
4269,バンクロバー
4270,バンシー
4271,バンズボルト
4272,バンドオブアウトサイダーズ
4273,バンベール
4274,バンボ
4275,パ
4276,パーキー
4277,パークストウキョウセレクト
4278,パーティーパーティー
4279,パーフェクトスーツファクトリー
4280,パームスアンドラブスキー
4281,パール
4282,パオロペコラ
4283,パサージュミニョン
4284,パジェロ
4285,パステルマム
4286,パスディス
4287,パターンフィオナ
4288,パチパチファクトリー
4289,パティ
4290,パティエラ
4291,パトリックステファン
4292,パトリックルツェプスキーバイバダーコープ
4293,パトリツィアペペ
4294,パドローネ
4295,パナマハット
4296,パナマボーイ
4297,パピヨネ
4298,パブリックイメージ
4299,パム
4300,パメオポーズ
4301,パメラマン
4302,パラディウム
4303,パラディテール
4304,パリゴ
4305,パリス
4306,パリンカ
4307,パルトスポーツ
4308,パルプフォーワンセブンエディフィス
4309,パルムドール
4310,パレドローブ
4311,パロマピカソ
4312,パワートゥーザピープル
4313,パワープラント
4314,パンクドランカーズ
4315,パンソー
4316,パンパンチュチュ
4317,ヒアーズ
4318,ヒアゼア
4319,ヒース
4320,ヒグチ　ユウコ
4321,ヒスイ
4322,ヒステリックグラマー
4323,ヒステリックス
4324,ヒズミス
4325,ヒッピネス
4326,ヒッチハイクマーケット
4327,ヒップス
4328,ヒナカグラ
4329,ヒナ　デイ　グリーン
4330,ヒパネマ
4331,ヒピハパ
4332,卑弥呼
4333,ヒューゴ ボス
4334,ヒューストン
4335,ヒューマンウーマン
4336,ヒューマンメード
4337,ヒルトンガレージ
4338,ヒルトンタイム
4339,ヒロコ コシノ
4340,ヒロコハヤシ
4341,ヒロコビス
4342,ヒロフ
4343,ヒロムタカハラ
4344,ヒロヤナギマチ
4345,ビアズリー
4346,ビアッジョ ブルー
4347,ビア デミゾン
4348,ビアデミゾンドゥ
4349,ビアンナ
4350,ビーアイディー
4351,ビーエルユーイー
4352,ビーカンパニー
4353,ビーシー イシュタル
4354,ビーシービージェネレーション
4355,ビージュエルド
4356,B印 YOSHIDA（BEAMS×PORTER）
4357,ビーセカンド
4358,ビーチ サウンド
4359,ビービー ダコタ
4360,ビーピーアール ビームス
4361,ビーミング ライフストア バイ ビームス
4362,ビームス
4363,ビームス ゴルフ
4364,ビームス ティー
4365,ビームス ハート
4366,ビームス ボーイ
4367,ビー ラディエンス
4368,ビカーシ
4369,ビジュエル
4370,ビスー
4371,ビスエバジェリナス
4372,ビス ビス
4373,ビター　シロップ
4374,ビタミンパワーズファクトリー
4375,ビッキー
4376,ビッグ ジョン
4377,ビッグスター
4378,ビドンナ
4379,ビノシュ
4380,ビバユー
4381,ビブロス
4382,ビューティ&ユース ユナイテッドアローズ
4383,ビュートラウンジ
4384,ビュルデサボン
4385,ビュレセカンド
4386,ビラボン
4387,ビリーブインミラクル
4388,ビルケンシュトック
4389,ビルダジュール
4390,ビルディングブロック
4391,ピアジェ
4392,ピアッツァセンピオーネ
4393,ピーエフバイパオラフラーニ
4394,ピーエフ フライヤーズ
4395,ピーク アンド パイン
4396,ピースナウ
4397,ピーターズマウンテンワークス
4398,ピーターソム
4399,ピーターピロット
4400,ピーチ ジョン
4401,ピーティーアイコン
4402,ピーティーゼロウーノ
4403,ピーティーゼロチンクエ
4404,ピーピーキュー
4405,ピーピー リコリノ
4406,ピールアンドリフト
4407,ピエール カルダン
4408,ピエールクンツ
4409,ピエールマントゥ
4410,ピエド　 ドゥ ラパン
4411,ピコリノス
4412,ピシェアバハウス
4413,ピジャマ クロージング
4414,ピッティ
4415,ピピカカ
4416,ピュア シュール
4417,ピンキー
4418,ピンキー アンド ダイアン
4419,ピンキー ウォルマン
4420,ピンキー ガールズ
4421,ピンクハウス
4422,ピンク マース
4423,ピンクミックス
4424,ピンクラテ
4425,ピンコ
4426,ピンザ
4427,ビ
4428,ビアティーチュード
4429,ビアンカエポカ
4430,ビアンカズクローゼット
4431,ビアンカマリア
4432,ビーウィッチ
4433,ビーエヌティー
4434,ビーシーゲーム
4435,ビーシービージーマックスアズリア
4436,ビーシーリッチ
4437,ビージルシヨシダ
4438,ビーセカンドレクア
4439,ビーチピープル
4440,ビートジャイブ
4441,ビーノ
4442,ビーバー
4443,ビービーピー
4444,ビーピーエヌ
4445,ビーピーキューシー
4446,ビーポジティブ
4447,ビームスレコーズ
4448,ビールーム
4449,ビーワンソウル
4450,ビオデルマ
4451,ビオレ
4452,ビザッズ
4453,ビショップ
4454,ビジューアールアイ
4455,ビジュリィ
4456,ビスクバイネストローブ
4457,ビッグアップル
4458,ビッグブラックマリア
4459,ビッケンバーグ
4460,ビットブルー
4461,ビッグフィールド
4462,ビッチ
4463,ビバリーヒルズポロクラブ
4464,ビビコ
4465,ビビファイ
4466,ビブジョー
4467,ビブラム
4468,ビューティビースト
4469,ビューティフルピープル
4470,ビューレ
4471,ビュレ
4472,ビリオネアボーイズクラブ
4473,ビリティスディセッタン
4474,ビリドゥーエ
4475,ビンス
4476,ピ
4477,ピアスポーツ
4478,ピーアールエスピーアール
4479,ピーアールピーエス
4480,ピーアイパフュームイン
4481,ピーエスピクトグラム
4482,ピーエヌビー
4483,ピーエヌビーネイション
4484,ピーエムエー
4485,ピーカブー
4486,ピークドイエロー
4487,ピーコルニロン
4488,ピージェーズサーフ
4489,ピースオンマーズ
4490,ピースプロジェクト
4491,ピーターイェンセン
4492,ピーナッツ
4493,ピープルツリー
4494,ピゥ
4495,ピエールアルディ
4496,ピエールバルマン
4497,ピエールラニエ
4498,ピエディヌーディ
4499,ピエロ
4500,ピガール
4501,ピコ
4502,ピッチン
4503,ピッピ
4504,ピップスタジオ
4505,ピュアプレイヤーズ
4506,ピューテリー
4507,ピレネックス
4508,ピンカール
4509,ピンクアドべ
4510,ピンクキャンディ
4511,ピンクトリック
4512,ピントーリ
4513,ファーストインプレッション
4514,ファーストパーキング
4515,ファーナイン
4516,ファーファー
4517,ファーリーレート
4518,ファイテン
4519,ファイナル ステージ
4520,ファイフ
4521,ファイブアンドテンカルテル
4522,ファイブオー
4523,ファウストパグリッシ
4524,ファクト
4525,ファシオ
4526,ファセッタズム
4527,ファックス
4528,ファッティアンドナッティブラザーズ
4529,ファッティー
4530,ファットーリ
4531,ファットジョー
4532,ファットファーム
4533,ファット・フェイス
4534,ファドスリー
4535,ファニー ショー
4536,ファニーフェイス
4537,ファビアン ルー
4538,ファビオラ
4539,ファビオルスコーニ
4540,ファビュラス アンジェラ
4541,ファブリックジャム
4542,ファム
4543,ファリエロサルティ
4544,ファロルニ
4545,ファンキーフルーツ
4546,ファンクショナル
4547,ファンダメンタルアグリーメントラグジュアリー
4548,ファンデーションアディクト
4549,ファーロ
4550,ファクターイコール
4551,ファッションレター
4552,ファビア
4553,ファブリック
4554,ファルケ
4555,ファンアライブ
4556,ファンアンドデイリー
4557,フィアオブゴッド
4558,フィー
4559,フィージュ
4560,フィーニー
4561,フィービー
4562,フィービリー
4563,フィー フィー
4564,フィオルッチ
4565,フィオレッリ
4566,フィグ アンド ヴァイパー
4567,フィグベル
4568,フィグロンドン
4569,フィスロン
4570,フィッタフィッタ
4571,フィッチェ
4572,フィットフィット
4573,フィットフロップ
4574,フィナモレ
4575,フィフス
4576,フィフスアヴェニューシューリペア
4577,フィフティセブンフェイク
4578,フィリー オーリンクス
4579,フィリッパコー
4580,フィリップオーディベール
4581,フィリップシャリオール
4582,フィリップスタルク
4583,フィリップモデル
4584,フィリングピース
4585,フィルーズダルボー
4586,フィルメランジェ
4587,フィロソフィ
4588,フィロソフィーアルベルタフェレッティー
4589,フィロディセタ
4590,フィン
4591,フィンガリン
4592,フィンコンフォート
4593,フィント
4594,フィルダレニエ
4595,フィルデフェール
4596,フーカセレクション
4597,フーズフー
4598,フーズフーギャラリー
4599,フーズフーチコ
4600,フードバイエアー
4601,フーバー
4602,フェアステ
4603,フェアファクス
4604,フェイク ロンドン
4605,フェイドレス
4606,フェイバリット
4607,フェイラー
4608,フェールラーベン
4609,フェティッシュ
4610,フェデリティー
4611,フェトン
4612,フェニックス
4613,フェノメノン
4614,フェフェ
4615,フェブ
4616,フェラガモスポーツ
4617,フェリージ
4618,フェリーラ
4619,フェリシオ ベッキ
4620,フェリシモ
4621,フェルゥ
4622,フェルトレック
4623,フェルナンダ
4624,フェルナンドレザー
4625,フェローズ
4626,フェンダーシューズ
4627,フェンディ
4628,フェールラーベンカンケン
4629,フェマイントウキョウ
4630,フェミニンカフェ
4631,フェリーニ
4632,フォー
4633,フォーエバートゥエンティーワン
4634,フォーク
4635,フォーク＆スプーン
4636,フォーサーティ
4637,フォース
4638,フォーティーファインクロージング
4639,フォーナインズ
4640,フォー ハート ジュエリー
4641,フォーパ　パリ
4642,フォーリン
4643,フォクシー
4644,フォクシーニューヨーク
4645,フォクシーラビッツ
4646,フォグリネンワーク
4647,フォックスアンブレラズ
4648,フォッシル
4649,フォッジア
4650,フォノ
4651,フォピッシュ
4652,フォブス
4653,フォリ フォリ
4654,フォルクバイオジャガデザイン
4655,フォルナリーナ
4656,フォルムヴァルケット
4657,フォレルパージュ
4658,フォンデル
4659,フォーティーカラッツアンドゴーニーゴ
4660,フォーティファイブ アール
4661,フォルムフォルマ
4662,フォンセ
4663,フガハム
4664,フクスケ
4665,フクゾー
4666,フセイン チャラヤン
4667,フットザコーチャー
4668,フブ
4669,フプラティックス
4670,フミカウチダ
4671,フューチャーゾンビ
4672,フューチャートゥーフューチャー
4673,フューチュラツーサウザンド
4674,フューチュララボラトリーズ
4675,フューレン
4676,フューティアランド
4677,フライ
4678,フライターグ
4679,フライツォーリ
4680,フライトワン
4681,フライングタイガーコペンハーゲン
4682,フライングトマト
4683,フラゴナール
4684,フラジール
4685,フラッグ ジェイ
4686,フラッシュポイント
4687,フラッシュリポート
4688,フラッドウォッチ
4689,フラッパー
4690,フラボア
4691,フラボアハーフ
4692,フラミューム
4693,フラワー
4694,フランキー ビー
4695,フランキー モレロ
4696,フランク
4697,フランクアンドアイリーン
4698,フランクウィーンセンス
4699,フランクダニエル
4700,フランクリーダー
4701,フランクリンアンドマーシャル
4702,フランクリン マーシャル
4703,フランクワンファイブワン
4704,フランコバッシ
4705,フランコフェラーロ
4706,フランコプリンツィバァリー
4707,フランコミヌッチ
4708,フランシスクライン
4709,フランシストモークス
4710,フランシュ リッペ
4711,フランチェスコビアジア
4712,フランチェスコベニーニョ
4713,フランデランジェリー
4714,フリィッシュ
4715,フリーキー
4716,フリークスストア
4717,フリーシティ
4718,フリースアンドカンパニー
4719,フリーズ
4720,フリーズフレーズ
4721,フリーズマート
4722,フリーピープル
4723,フリー フィッシュ
4724,フリーマドンナ
4725,フリーマンズスポーティングクラブ
4726,フリーライド
4727,フリクションメイド
4728,フリップザスクリプト
4729,フリッジ
4730,ふりふ
4731,フルーツオブザルーム
4732,フルーツ ケイク
4733,フルカウント
4734,フルネルソン
4735,フルフルタント
4736,フルブラッド
4737,フルボデザイン
4738,フルラ
4739,フルライフ
4740,フレイ アイディー
4741,フレイサーク
4742,フレーバー
4743,フレームスレイカズン
4744,フレームワーク
4745,フレキシン
4746,フレクエンシー
4747,フレスコアンドセレーノ
4748,フレックスフィット
4749,フレッド
4750,フレッド ペリー
4751,フレディ
4752,フレディアンドグロスター
4753,フレディレピ
4754,フレデリック
4755,フレンチコネクション
4756,フレンチソール
4757,フレンテ
4758,フロイド
4759,フローヴ
4760,フローチェ
4761,フローリアン
4762,フローリスト
4763,フローレント
4764,フロス
4765,フロホース
4766,フロムファーストミュゼ
4767,フロリアンドゥニクール
4768,ブージュルード
4769,ブティックオーサキ
4770,ブティックモスキーノ
4771,ブライアンアトウッド
4772,ブライアンリッテンバーグ
4773,ブライザック
4774,ブライジー
4775,ブライトリング
4776,ブラウニー
4777,ブラック
4778,ブラッククイーン
4779,ブラックコムデギャルソン
4780,ブラック シープ
4781,ブラック バイ マウジー
4782,ブランパン
4783,ブランブルー
4784,ブリオーニ
4785,ブリジット バーキン
4786,ブリジット バーキン セレクト
4787,ブリスポイント
4788,ブリタニーズ
4789,ブルーイースト
4790,ブルー ウェイ
4791,ブルーエグリージオ
4792,ブルー カルト
4793,ブルーガール
4794,ブルーノフリゾーニ
4795,ブルーノプレミ
4796,ブルーノロッシ
4797,ブルーブルーエ メランジュ
4798,ブルー マーリン
4799,ブルーム
4800,ブルー ムーン ブルー
4801,ブルーローグ
4802,ブルガリ
4803,ブルックス
4804,ブルックスブラザーズ
4805,ブルックリンウィーゴーハード
4806,ブルネロ クチネリ
4807,ブルマリン
4808,ブレイル
4809,ブレゲ
4810,ブレス
4811,ブレストウキョウ
4812,ブローフィッシュ
4813,ブロックトンジムネイジアム
4814,ブロンディー
4815,プアプア
4816,プー ドゥ ドゥ
4817,プーぺ
4818,プーマ
4819,プーマバイフセインチャラヤン
4820,プー ラ フリーム
4821,プール サイド
4822,プチ ペルル
4823,プトマヨ
4824,プフ
4825,ププラ
4826,プライドグライド
4827,プライベートホワイトブイシー
4828,プライベートレーベル
4829,プライベリテ
4830,プライムパターン
4831,プラクトン
4832,プラシス
4833,プラスヴァンドーム
4834,プラステ
4835,プラダ
4836,プラダスポーツ
4837,プラチナムマウジー
4838,プラッシュ アンド ラッシュ
4839,プラバルグルン
4840,プリーツプリーズ
4841,プリーン
4842,プリマクラッセ
4843,プリングル
4844,プリングルオブスコットランド
4845,プレイ ホテル
4846,プレイ ボーイ
4847,プレシュウ ジュエ
4848,プレタウォーキング
4849,プレフェリール
4850,プレミアム バイ ビッキー
4851,プロスペリティー シーケンス
4852,プロフィール
4853,プロポーション　ボディドレッシング
4854,プロモード
4855,ブ
4856,ブイ
4857,ブーコ
4858,ブートレグブース
4859,ブーフー
4860,ブシュロン
4861,ブッチャープロダクツ
4862,ブッテロ
4863,ブッカフォーティーフォー
4864,ブディストパンク
4865,ブバルディア
4866,ブフト
4867,ブラーキュアマカシン
4868,ブラーミン
4869,ブライトシングス
4870,ブラウニー
4871,ブラウニービー
4872,ブラウンバニー
4873,ブラジェント
4874,ブラックカード
4875,ブラックゴールド
4876,ブラックデニム
4877,ブラックトップカスタムズ
4878,ブラックバレットバイニールバレット
4879,ブラックピア
4880,ブラックピースナウ
4881,ブラックフライズ
4882,ブラックフリース
4883,ブラックミーンズ
4884,ブラックリング
4885,ブラッシュ
4886,ブラッディマリー
4887,ブラッドマネートーキョー
4888,ブラッドメッセージ
4889,ブラッパーズ
4890,ブラデリスニューヨーク
4891,ブランエトワール
4892,ブランク
4893,ブランコ
4894,ブランコアール
4895,ブランシュール
4896,ブランディーメルビル
4897,ブランドストーン
4898,ブランバスク
4899,ブリー
4900,ブリーフィング
4901,ブリクストン
4902,ブリス
4903,ブリックストーン
4904,ブリッシュ
4905,ブリッド
4906,ブリューアー
4907,ブリングオンザノイズ
4908,ブリングリーズ
4909,ブルースタンダード
4910,ブルーナボイン
4911,ブルーノ
4912,ブルーノマリ
4913,ブルーフレイムス
4914,ブルーブルー
4915,ブルーブルーエ
4916,ブルーワーク
4917,ブルックリンインダストリーズ
4918,ブルックリンサーカス
4919,ブルックリンミント
4920,ブレインストーム
4921,ブレックファスト
4922,ブローバ
4923,ブロッサムデイズ
4924,ブロンティベイパリス
4925,ブロンドシガレッツ
4926,プ
4927,プープレ
4928,プールスタジオ
4929,プールヴー
4930,プエブコ
4931,プエルタデルソル
4932,プチフルール
4933,プッシュコネクション
4934,プティローブノアー
4935,プディング
4936,プニュズ
4937,プラージュ
4938,プライド
4939,プライマーク
4940,プラヴィダ
4941,プラスワン
4942,プラティナムフブ
4943,プラネットブルー
4944,プラハ
4945,プラリン
4946,プランテーション
4947,プランピーナッツ
4948,プリオアレグレ
4949,プリオブランカ
4950,プリシラ
4951,プリッグス
4952,プリティー
4953,プリティーグリーン
4954,プリドフルール
4955,プリマゼル
4956,プリングル1815
4957,プルミエール
4958,プレイコムデギャルソン
4959,プレイスプラン
4960,プレイノーモア
4961,プレイフォード
4962,プレイプレイプレイ
4963,プレイヤーズシックスティナイン
4964,プレーンクロージング
4965,プレゼント
4966,プレミアータ
4967,プレンティ
4968,プロアクティブ
4969,プロエンザスクーラー
4970,プローヴァ
4971,プロケッズ
4972,プロジェクトエスアールエス
4973,プロズヴェール
4974,プロダクト
4975,プロパガンダ
4976,プロポーション
4977,ヘイズ
4978,ヘインズ
4979,ヘヴン　アンド　アース
4980,ヘクティク
4981,ヘザー
4982,ヘザレット
4983,ヘスティア
4984,ヘッダーズ
4985,ヘッド
4986,ヘッドスター
4987,ヘッドポーター
4988,ヘッドポータープラス
4989,ヘビーマシン
4990,ヘブンオアヘル
4991,ヘプト
4992,ヘム
4993,ヘリーハンセン
4994,ヘルキャットパンクス
4995,ヘルコヴィッチジーンズ
4996,ヘルシーカレン
4997,ヘルス
4998,ヘルスニット
4999,ヘルズベルズ
5000,ヘルタースケルター
5001,ヘルノ
5002,ヘルムートラング
5003,ヘレンカミンスキー
5004,ヘンリーコットンズ
5005,ヘンリクビブスコフ
5006,ヘンリベンデル
5007,ベア ミネラル
5008,ベイビーザスターズシャインブライト
5009,ベイビーシュープ
5010,ベイビージェーンキャシャレル
5011,ベイビーバーン
5012,ベイピー
5013,ベース コントロール
5014,ベーセーストック
5015,ベーセッツ
5016,ベーネ コスメティクス
5017,ベスニールセン
5018,ベッツィヴィルバイベッツィジョンソン
5019,ベッツィ　ジョンソン
5020,ベティ アンド ベロニカ
5021,ベティクラブ
5022,ベティ スミス
5023,ベネトン
5024,ベネフィット
5025,ベビーディオール
5026,ベビードール
5027,ベビーファット
5028,ベベ
5029,ベベローズ
5030,ベラカミーパリス
5031,ベラジョーンズ
5032,ベラダール
5033,ベリーズベリー
5034,ベル
5035,ベル＆ロス
5036,ベルシュカ
5037,ベルスタッフ
5038,ベルフローリー
5039,ベルベット
5040,ベルメゾン
5041,ベルンハルト ウィルヘルム
5042,ベレヴェレ
5043,ベレット
5044,ベンアルダー
5045,ペイジ プレミアム デニム
5046,ペイトン プレイス
5047,ページ ボーイ
5048,ペーパーデニム&クロス
5049,ペドロガルシア
5050,ペニー ブラック
5051,ペペロッサ
5052,ペリーコ
5053,ペルケ
5054,ペルティニ
5055,ペルルペッシュ
5056,ペレッテリアベネタ
5057,ペレテルノ
5058,ペレボルサ
5059,ペン　アンド ハンド
5060,ベ
5061,ベアー
5062,ベアトリス
5063,ベイク
5064,ベイビーネイル
5065,ベイビーファット
5066,ベイフロー
5067,ベース
5068,ベースロープ
5069,ベーメルス
5070,ベグジット
5071,ベストマートガールズ
5072,ベッドアンドブレックファスト
5073,ベッドサイドドラマ
5074,ベッドフォード
5075,ベティーズブルー
5076,ベティーバークレー
5077,ベティーブルーラブ
5078,ベトラ
5079,ベドウィン
5080,ベニコトイ
5081,ベヌウ
5082,ベビーザらス
5083,ベビージー
5084,ベビルル
5085,ベリーナード
5086,ベリーブレイン
5087,ベルウッドメイド
5088,ベルボン
5089,ベルルッティ
5090,ベンザロデオテーラー
5091,ベンシモン
5092,ベンチ
5093,ベンデイビスオリジナルス
5094,ペ
5095,ペイデフェ
5096,ペーターキット
5097,ペーターペトロフ
5098,ペーハーブルー
5099,ペーパーチェスト
5100,ペガソ
5101,ペコクラブ
5102,ペチュニアピックルボトム
5103,ペッレモルビダ
5104,ペトロニウス
5105,ペネロープ
5106,ペピータドロ
5107,ペペジーンズ
5108,ペルーゾ
5109,ペルシー
5110,ペロ
5111,ペローニ
5112,ペロンペロン
5113,ペンドルトン
5114,ペンフィールド
5115,ポコ ア ポコ
5116,ホーキンス
5117,ホーガン
5118,ホーガンランチウエア
5119,ホークカンパニー
5120,ホープ
5121,ホーボー
5122,ホームズアンダーウェア
5123,ホームボーイ
5124,ホームレス
5125,ホクレア ハワイ
5126,ホコモモラ
5127,ホッティーガール
5128,ホッティーライクハー
5129,ホットココ
5130,ホットハウス
5131,ホテルバタフライ
5132,ホマレヤ
5133,ホリカホリカ
5134,ホリスター
5135,ホリデイ
5136,ホルストン
5137,ホルストンヘリテイジ
5138,ホレース
5139,ホロウ
5140,ホワイツビル
5141,ホワイト
5142,ホワイトジョーラ
5143,ホワイトハウスコックス
5144,ホワイトブーツ
5145,ホワイトライン
5146,ボヴェ
5147,ボーイバイバンドオブアウトサイダーズ
5148,ボーイロンドン
5149,ボーグラン
5150,ボーダーズアットバルコニー
5151,ボーテタンセ
5152,ボートメイクニュークローズ
5153,ボーメール
5154,ボックスフレッシュ
5155,ボックス２１
5156,ボッシュ
5157,ボッテガ ヴェネタ
5158,ボディ ドレッシング
5159,ボディ ドレッシング デラックス
5160,ボナジョルナータ
5161,ボニースプリングス
5162,ボニカスタジオ
5163,ボビーズ
5164,ボブソン
5165,ボリオリ
5166,ボルコム
5167,ボルサリーノ
5168,ボントレ
5169,ボンネヴォロンテ
5170,ボンメルスリー
5171,ポアレ
5172,ポウ
5173,ポエジー
5174,ポーター
5175,ポール アンド ジョー
5176,ポールアンドジョーシスター
5177,ポールスチュアート
5178,ポール スミス
5179,ポールスミス コレクション
5180,ポールスミスジーンズ
5181,ポールスミスブラック
5182,ポールスミスブラックレーベル
5183,ポール フランク
5184,ポジーラップ
5185,ポップコーンミラノ
5186,ポニー
5187,ポニュ ライメ
5188,ポポトコ
5189,ポリーニ
5190,ポルセリ
5191,ポロ クラブ
5192,ポロジーンズ
5193,ポロバイラルフローレン
5194,ポンタタ
5195,ボ
5196,ボアドム
5197,ボイスノンヴァーニ
5198,ボウディッカ
5199,ボエッサートショルン
5200,ボエモス
5201,ボー
5202,ボーデッサン
5203,ボーデン
5204,ボールジィ
5205,ボシュプルメット
5206,ボストーク
5207,ボタニカ
5208,ボタニスト
5209,ボディーフォーカス
5210,ボディソング
5211,ボディライン
5212,ボトキエ
5213,ボナボチェ
5214,ボニータ
5215,ボニカ
5216,ボニカドット
5217,ボヌール
5218,ボノーラ
5219,ボヘミアンズ
5220,ボボチョース
5221,ボボンニジュウイチ
5222,ボラール
5223,ボリーニ
5224,ボルスパ
5225,ボルニー
5226,ボワソンショコラ
5227,ボンクラ
5228,ボング
5229,ボンジュールレコーズ
5230,ボンズアンドピース
5231,ボンダッチ
5232,ボンドナンバーナイン
5233,ボンバザール
5234,ボンブーグ
5235,ボンボネーラ
5236,ポ
5237,ポインター
5238,ポータークラシック
5239,ポート
5240,ポーラー
5241,ポーリーヌ
5242,ポーリックスウィーニー
5243,ポーリン
5244,ポールカ
5245,ポールハーデン
5246,ポキット
5247,ポストオーバーオールズ
5248,ポッタリーバーン
5249,ポピュラースパームショー
5250,ポメラート
5251,ポレオット
5252,ポロラグビー
5253,ポロラルフローレン
5254,ポンテヴェキオ
5255,マーヴィージャモーク
5256,マーヴィ　ジーンズ
5257,マーヴェレッツ
5258,マーカ
5259,マーカウェア
5260,マーカスルーファー
5261,マーガレット ハウエル
5262,マーガレット ハウエルアイデア
5263,マーキーズ
5264,マーキュリー デュオ
5265,マークアンドロナ
5266,マークエコー
5267,マーク ジェイコブス
5268,マーク バイ マーク ジェイコブス
5269,マークフィッシャー
5270,マークマクナイリー
5271,マーシー
5272,マーシェルシェ
5273,マージ
5274,マージナルグラマー
5275,マージュ
5276,マージュール
5277,マージン
5278,マーズ
5279,マーセナリー
5280,マーティン
5281,マーティングラント
5282,マーティンローズ
5283,マーブリー
5284,マーブル
5285,マーブルアンドコー
5286,マーブルインク
5287,マーブルズ
5288,マープルキュー
5289,マーベル
5290,マーベルティーム
5291,マーマー
5292,マーモット
5293,マーリエパーエフデ
5294,マーレマーレ
5295,マーレンカ
5296,マーロ
5297,マーヴィン
5298,マイ ドゥ
5299,マイアザーバッグ
5300,マイカアンドディール
5301,マイクアンドクリス
5302,マイケル コース
5303,マイケルタピア
5304,マイケルバスティアン
5305,マイケルマイケルコース
5306,マイストラーダ
5307,マイセルフアバハウス
5308,マイタネ
5309,マイダルタニアン
5310,マイティシャイン
5311,マイフェラガモ
5312,マイラン
5313,マイン
5314,マインデニム
5315,マウジー
5316,マウト
5317,マウリツィオペコラーロ
5318,マウログリフォーニ
5319,マウロディバリ
5320,マウンテンイクイップメント
5321,マウンテンリサーチ
5322,マオワオ
5323,マカブー
5324,マカロニック
5325,マガショーニ
5326,マキャヴェリブランド
5327,マキャベリック
5328,マキンヤンマ
5329,マギエラ
5330,マクティグ
5331,マクロマウロ
5332,マグナマーテル
5333,マグナムフォース
5334,マグネット
5335,マグネティック
5336,マコットン
5337,マサカハット
5338,マサトイノウエ
5339,マザー
5340,マザーオブパール
5341,マザーハウス
5342,マザーハウス ユニセックス
5343,マ シェール コゼット?
5344,マシュマロクラウン
5345,マジェスティックフィラチュール
5346,マジェスティック レゴン
5347,マジェンダ
5348,マジカルデザイン
5349,マジカルモッシュミスフィッツ
5350,マジス
5351,マジックウォッシュ
5352,マジック スクエア
5353,マジックナンバー
5354,マジョリンヴァンデンウーベル
5355,マジョレナ
5356,マスク
5357,マスコブ
5358,マスターバニーエディション
5359,マスターマインド ジャパン
5360,マスターマインドブラックコムデギャルソン
5361,マタニティー
5362,マタハリ
5363,マダム グレ
5364,マチコ ヤナダ
5365,マチュアーハ
5366,マチルダ
5367,マッカージュ
5368,マッキントッシュ
5369,マッキントッシュフィロソフィー
5370,マックキュー
5371,マックキュー アレクサンダー マックイーンプーマ
5372,マックスアンドクレオ
5373,マックス アンド コー
5374,マックスシックス
5375,マックス マーラ
5376,マックナイト
5377,マック バイ マニックス
5378,マックレガー
5379,マッシモアルバ
5380,マッシモデュッティ
5381,マッシュ
5382,マッセメンシュ
5383,マッツ ノーガード
5384,マッド
5385,マッド ジーンズ
5386,マッドスター
5387,マッドティーパーティ
5388,マッドドッグロッカーズ
5389,マッドフット
5390,マッドペイジャー
5391,松島正樹
5392,マティエ
5393,マティックス
5394,マテューウィリアムソン
5395,マテリア
5396,マテリアルガール
5397,マテルナ
5398,マディソンブルー
5399,マトコテディアン
5400,マトフ
5401,マドラス
5402,マナスタッシュ
5403,マニアック
5404,マニアックワークス
5405,マニーク
5406,マニックス
5407,マニフレックス
5408,マニプリ
5409,マニュアルアルファベット
5410,マヌーシュ
5411,マネビ
5412,マノーク
5413,マノロブラニク
5414,マビテックス
5415,マフモフ
5416,マミアン
5417,マミタス
5418,マメ
5419,マライカ
5420,マラヤンペジョスキー
5421,マリアボニータエクストラ
5422,マリーエレーヌドゥタイヤック
5423,マリーガレット
5424,マリークラブ
5425,マリークワント
5426,マリーココ
5427,マリーニ
5428,マリーヒル
5429,マリーファム
5430,マリー プリエ
5431,マリーメルシエ
5432,マリエオーガニクス
5433,マリオス
5434,マリカブアクティブビューティーズ
5435,マリ　クレール
5436,マリ　クレール　ビス
5437,マリココウガ
5438,マリサレイ
5439,マリテフランソワジルボー
5440,マリナリナルディ
5441,マリハ
5442,マリパルミ
5443,馬里邑
5444,マリメッコ
5445,マリリン ムーン
5446,マリンフランセーズ
5447,マルイ モデル
5448,マルキスデブラン
5449,マルクリコ
5450,マルクルビアン
5451,マルケッサ
5452,マルコ
5453,マルコタリアフェリ
5454,マルコペスカローロ
5455,マルコマルカ
5456,マルコモンド
5457,マルシェノア
5458,マルシャルテル
5459,マルセル
5460,マルセル
5461,マルセロブロン
5462,マルタン マルジェラ
5463,マルティーヌ　シットボン
5464,マルティニーク
5465,マルティニークルコント
5466,マルティプライ
5467,マルティプルマーマレード
5468,マルニ
5469,マルベリー
5470,マンオブムーズ
5471,マンカインド
5472,マングローブ
5473,マンゴー
5474,マンサーガブリエル
5475,マンダム
5476,マンダリナダック
5477,マンドゥ
5478,マンハッタンパッセージ
5479,マンハッタン ポーテージ
5480,マンフロット
5481,マンボ
5482,マ－ロ
5483,ミアン
5484,ミィパーセント
5485,ミイ
5486,ミーア
5487,ミーアンドミークチュール
5488,ミイーミイーズ
5489,ミー　ジェーン
5490,ミーティス
5491,ミーバイイッセイミヤケ
5492,ミイムサーシアムジャポ二カム
5493,ミーリュクス
5494,ミーン
5495,ミエコ ウエサコ
5496,ミエスカルペ
5497,ミエリー
5498,ミエル
5499,ミエル クリシュナ
5500,ミオ
5501,ミオシ
5502,ミオ ノティス
5503,ミオレ ミュー
5504,ミカコナカムラ
5505,ミキア
5506,ミキオサカベ
5507,ミキフカイ
5508,ミキモト
5509,ミコノスコウボウ
5510,ミサハラダ
5511,ミサリコーディア
5512,ミザール　バイ　オッソ　アズール
5513,ミシェルマカロン
5514,ミシカ
5515,ミシャ
5516,ミジャンセン
5517,ミスアドラ
5518,ミスエルファイア
5519,ミスガイデッド
5520,ミス　シックスティ
5521,ミスターアンドミセスイタリー
5522,ミスタージェントルメン
5523,ミスタージュンコ
5524,ミスターフリーダム
5525,ミスターリックテイラー
5526,ミスティウーマン
5527,ミスティック
5528,ミステリーランチ
5529,ミスワックス
5530,ミズイロインド
5531,ミズキ
5532,ミズノ
5533,ミズムーズ
5534,ミセラニアス
5535,ミタスニーカーズ
5536,ミチコロンドン
5537,ミチヨイナバ
5538,ミックスエックスミックス
5539,ミックスセンス
5540,ミックス ファクトリー
5541,ミッシェルヴィヴィアン
5542,ミッシェルクラン
5543,ミッシェルペリー
5544,ミッシュ　マッシュ
5545,ミッソーニ
5546,ミッチェルアンドネス
5547,ミッドウエスト
5548,ミッドバイミッドウエスト
5549,ミドー
5550,ミナ ペルホネン
5551,ミニア
5552,ミニアチュア
5553,ミニウス
5554,ミニオンズ
5555,ミニマム
5556,ミニマムミニマム
5557,ミニュー
5558,ミニルディーズ
5559,ミネトンカ
5560,ミネラル
5561,ミノトール
5562,ミハト
5563,ミハラヤスヒロ
5564,ミフネ
5565,ミミアンドロジャー
5566,ミミック
5567,ミミニーピミニー
5568,ミミリー
5569,ミモ
5570,ミューカ
5571,ミューザ
5572,ミュージアムニュー
5573,ミューズ
5574,ミューズドゥドゥーズィエムクラス
5575,ミューズバイリモ
5576,ミューズ　ミューズ
5577,ミューゼ ド ウジ
5578,ミュウ ミュウ
5579,ミューラル
5580,ミュールバウアー
5581,ミューレグラスヒュッテ
5582,ミュグレー
5583,ミュベール
5584,ミュベールワーク
5585,ミユ
5586,ミューニック
5587,ミュルダール
5588,ミラー
5589,ミラーオブシンゾーン
5590,ミラヴィール
5591,ミラ オーウェン
5592,ミラキャラット
5593,ミラ　ショーン
5594,ミラベラ
5595,ミラミカティ
5596,ミリアムオカリス
5597,ミリー
5598,ミリオン　カラッツ
5599,ミリタントパシフィスト
5600,ミルク
5601,ミルクフェド
5602,ミルク ボーイ
5603,ミルクリーム
5604,ミルサ
5605,ミルスクワー
5606,ミレスト
5607,ミレナーズブティック
5608,ミロック
5609,ミロワ
5610,ミンアットアールエヌエー
5611,ミンクス
5612,ミンクピンク
5613,ミント　ブリーズ
5614,ミン　プリュム
5615,ムーフープ
5616,ムーミン
5617,ムーリンセン
5618,ムーンエイジデビルメント
5619,ムカヴァ
5620,無印良品
5621,ムドカ
5622,ムニャイ
5623,ムラング
5624,ムルーア
5625,メアリーカトランズ
5626,メイクアップ
5627,メイクレット
5628,メイグローブ
5629,メイシ
5630,メイズ
5631,メイソングレイ
5632,メイソンピアソン
5633,メイデンノワール
5634,メイドインコルキニカ
5635,メイドインヘブン
5636,メイドインマルケ
5637,メイドインワールド
5638,メイドウェル
5639,メイド ユー ルック
5640,メイリールー
5641,メーア
5642,メガンパーク
5643,メスカレロ
5644,メゾピアノジュニア
5645,メゾンヴァンサン
5646,メゾンキツネ
5647,メゾン　ギルフィー
5648,メゾンスコッチ
5649,メゾンドフルール
5650,メゾンドプラージュ
5651,メゾンドベージュ
5652,メゾン ド リーファー
5653,メゾンボワネ
5654,メゾンミッシェル
5655,メタモルフォーゼ　タンドゥフィーユ
5656,メダ
5657,メッカ
5658,メッセンジャー
5659,メディカル　ブランチ
5660,メディコムトイ
5661,メトリコ
5662,メトロピア
5663,メドモワゼル
5664,メナード
5665,メニードープ
5666,メニケッティー
5667,メヌエ
5668,メムノン
5669,メメントイズム
5670,メラニーズマスカー
5671,メリージェニー
5672,メリッサ
5673,メル
5674,メルシーボークー
5675,メルトヘルム
5676,メルベイユ　アッシュ
5677,メルモ
5678,メルロー
5679,メルローイキュウ
5680,メルローズ
5681,メルローズクレール
5682,メルロープリュス
5683,メレム
5684,メレル
5685,メンズティノラス
5686,メンブル
5687,モア
5688,モアキュート
5689,モアフォーカスドセレクト
5690,モエエシャンドン
5691,モエリー
5692,モーイモーイ
5693,モーガン
5694,モーターフィスト
5695,モードアコテ
5696,モードエジャコモ
5697,モード カオリ
5698,モード クラッセ
5699,モードローブ
5700,モーブッサン
5701,モーリスラクロア
5702,モールドケース
5703,モスキーノ
5704,モスキーノヴィンテージ
5705,モスキーノジーンズ
5706,モスキーノチープアンドシック
5707,モスコット
5708,モスライト
5709,モダルー
5710,モダンパイレーツ
5711,モダンラヴァーズ
5712,モッサ
5713,モッシモ
5714,モディファイ
5715,モト
5716,モトグッツィ
5717,モドクロス
5718,モナーム
5719,モニコト
5720,モノグラム
5721,モノ コム サ
5722,モノマート
5723,モノマニア
5724,モノラル
5725,モブスタイル
5726,モマ
5727,モミー コレクション
5728,モモタロウジーンズ
5729,モユル
5730,モラーブ
5731,モラビト
5732,モリーヴ
5733,モリスアンドサンズ
5734,森英恵
5735,モルガンオム
5736,モルガンドゥトワ
5737,モルニヤ
5738,モルヒネ ジェネレーション
5739,モルフィック
5740,モレスキー
5741,モロキッズ
5742,モロコ バー
5743,モロッカンオイル
5744,モンキ
5745,モンキージーンズ
5746,モンキータイム
5747,モンキー　バイト
5748,モンクレール
5749,モンクレールガムブルー
5750,モンクレールガムルージュ
5751,モンクレールダブリュー
5752,モンクレールブイ
5753,モンセラットデルカ
5754,モンツキ
5755,モンブラン
5756,モンベル
5757,モンリリィ
5758,ヤーカ
5759,ヤーキ
5760,ヤードプリュス
5761,ヤエカ
5762,ヤコブコーエン
5763,ヤスエカーター
5764,ヤストシエズミ
5765,ヤスユキイシイ
5766,ヤックパック
5767,ヤヌーク
5768,ヤブ ヤム
5769,ヤヘイ
5770,ヤポンスキー
5771,ヤンコ
5772,ユアーズ
5773,ユアソル
5774,ユーアーム
5775,ユーアールセレクト
5776,ユーイングアスレチックス
5777,ユーエスネーバル
5778,ユーケーカーハート
5779,ユウコイマニシ
5780,ユーシーエス
5781,ユーシーエルエー
5782,ユーシーシー
5783,ユージーピー
5784,ユージミウラ
5785,ユージヤマダ
5786,ユージュ
5787,ユースレス
5788,ユードレッグ
5789,ユードンチョイ
5790,ユ一バイウンガロ
5791,ユービック
5792,ユーピーレノマ
5793,ユーモア
5794,ユキコ ハナイ
5795,ユキトリイインターナショナル
5796,ユクス
5797,ユグランス
5798,ユケテン
5799,ユッタニューマン
5800,ユナイテッド アローズ
5801,ユナイテッドアローズアンドサンズ
5802,ユナイテッド　カラーズ　オブ　ベネトン
5803,ユナイテッドトウキョウ
5804,ユナイテッドヌード
5805,ユナイテッドバンブー
5806,ユナイテッドアスレ
5807,ユニ
5808,ユニーク
5809,ユニオン ステーション
5810,ユニオンランチ
5811,ユニクロ
5812,ユニケース
5813,ユニス
5814,ユニゾンデプト
5815,ユニティー
5816,ユニバーサルオーバーオール
5817,ユニバーサルフリークス
5818,ユニフ
5819,ユニフォームエクスペリメント
5820,ユニフル
5821,ユヌマンション
5822,ユノートル
5823,ユノートルメルベイユアッシュ
5824,ユマコシノ
5825,ユミカツラ
5826,夢展望
5827,ユルリ
5828,ヨウイチナガサワ
5829,ヨウジ ヤマモト
5830,ヨーカン
5831,ヨークランド
5832,ヨーコチャン
5833,ヨーコドール
5834,ヨースケ
5835,ヨキニューヨーク
5836,ヨシエイナバ
5837,ヨシオクボ
5838,ヨシコクリエーションパリズ
5839,ヨシコンドウ
5840,ヨシノリコタケ
5841,ヨシユキコニシ
5842,ヨシヨ
5843,ヨダヒデミ
5844,ヨハンセルファティ
5845,ヨリ
5846,ヨルグイゼック
5847,ルリア4℃
5848,ラーソンアンドジェニングス
5849,ライカセレクト
5850,ライザ
5851,ライス
5852,ライチ
5853,ライチミルク
5854,ライトオン
5855,ライトニングボルト
5856,ライムクライム
5857,ライムシンディケイト
5858,ライルアンドスコット
5859,ラヴァップ
5860,ラヴィアス
5861,ラヴィジュール
5862,ラヴィソンラヴィエール
5863,ラヴォーリ
5864,ラウゴア
5865,ラヴドゥローズアンドコー
5866,ラウナレア
5867,ラヴマーク
5868,ラウラ
5869,ラウル
5870,ラウンジドレス
5871,ラウンドハウス
5872,ラエフ
5873,ラカイリミテッドフットウェア
5874,ラカル
5875,ラガチェ
5876,ラキラニ
5877,ラ　クープ
5878,ラクエルアレグラ
5879,ラクロス
5880,ラグアンドボーン
5881,ラグアンドボーンジーン
5882,ラグエム
5883,ラグスタイル
5884,ラグスマックレガー
5885,ラグズ
5886,ラグナグ
5887,ラグナムーン
5888,ラグ　ママ　ラグ
5889,ラグラス　マート
5890,ラグレー
5891,ラゲッジレーベル
5892,ラゲッドワークス
5893,ラコステ
5894,ラコステライブ
5895,ラコレ
5896,ラコンフィー
5897,ラシット
5898,ラ　シャンブル　ド　インエ
5899,ラシュレプゥードゥドゥ
5900,ラジャンス
5901,ラス
5902,ラスケー
5903,ラスト
5904,ラストシーン
5905,ラストシーンガール
5906,ラストフォーライフ
5907,ラスボア
5908,ラズレナ フィルター
5909,ラソックス
5910,ラダ
5911,ラッキーサーティーン
5912,ラッキーストア
5913,ラッキーブランド
5914,ラッシュアワー
5915,ラッセルモカシン
5916,ラッツ
5917,ラットフォーティーポイントエイト
5918,ラッドバイデミリー
5919,ラッド　ミュージシャン
5920,ラッピンノット
5921,ラップミュージシャン
5922,ラッドチャップ
5923,ラティア
5924,ラティーナ
5925,ラディアル
5926,ラディファンス
5927,ラデュレ
5928,ラトータリテ
5929,ラドアシップス
5930,ラドー
5931,ラドリー
5932,ラドロー
5933,ラナン
5934,ラバーラ
5935,ラ　パフェ
5936,ラビリンス
5937,ラピーヌ
5938,ラピュイ
5939,ラフ
5940,ラファイン
5941,ラフェニューヨーク
5942,ラフ シモンズ
5943,ラフスクク
5944,ラフバイラフシモンズ
5945,ラフライダーズ
5946,ラフローゼス
5947,ラブ モスキーノ
5948,ラブ　ガールズ　マーケット
5949,ラブクレール
5950,ラブジャンキー
5951,ラブバズ
5952,ラブ ボート
5953,ラブ　ライク　リップ
5954,ラブラット
5955,ラブルール
5956,ラブレス
5957,ラプカルソン
5958,ラベルエチュード
5959,ラベンハム
5960,ラペル ギャラリー
5961,ラボキゴシワークス
5962,ラボッタガルディエーヌ
5963,ラボニカ
5964,ラボラトリーワーク
5965,ラポルトドゥドゥマン
5966,ラミア
5967,ラム
5968,ラムフ
5969,ラメールコレクション
5970,ラモーダゴジ
5971,ラモードロゼ
5972,ララアンドハート
5973,ララキューブ
5974,ララシェリ
5975,ララボーヒンク
5976,ララボーン
5977,ラリン
5978,ラルディーニ
5979,ラルトラモーダ
5980,ラルフ ローレン
5981,ラルフローレン スポーツ
5982,ラルフローレンコレクション
5983,ラルフローレンブラックレーベル
5984,ラレグロ
5985,ラロドゥット
5986,ランアスレチックス
5987,ラングラー
5988,ラングラープレミアムライン
5989,ラングリッツレザー
5990,ランゲ&ゾーネ
5991,ランゲージ
5992,ランジェリーセレクション
5993,ランズオブエデン
5994,ランセル
5995,ランダ
5996,ランチキ
5997,ランドリー
5998,ランドワーズ
5999,ランバード
6000,ランバン
6001,ランバン オン ブルー
6002,ランバンコレクション
6003,ランフランセダンタン
6004,リアクト
6005,リアリズム
6006,リアルキューブ
6007,リアルストーン
6008,リアルビーボイス
6009,リアルマスターズ
6010,リー
6011,リーカ
6012,リーガル
6013,リークウェア
6014,リーコン
6015,リース
6016,リードクラッコフ
6017,リーバイス
6018,リーバイスビンテージクージング
6019,リーバイスフェノム
6020,リーバイスレッド
6021,リーフ
6022,リーファー
6023,リーブル
6024,リーブルメゾン
6025,リープリッピン
6026,リーボック
6027,リーム
6028,リーンロゼ
6029,リヴ ゴーシュ
6030,リエス
6031,リエディ
6032,リエミラー
6033,リエリエ
6034,リエンダ
6035,リオ
6036,リオスオブメルセデス
6037,リカーウーマンアンドティアーズ
6038,リカッティ
6039,リカルドティッシ
6040,リキタケウチ
6041,リクエスト
6042,リクリエーショナルビークル
6043,リクワイア
6044,リゲッタ
6045,リゲッタカヌー
6046,リコ
6047,リコリ
6048,リコレクト
6049,リサーチ
6050,リサマリ
6051,リシェグラマー
6052,リシャールミル
6053,リジエール
6054,リジュイ
6055,リス
6056,リスク
6057,リステア
6058,リスティー
6059,リスナー
6060,リスペクト
6061,リズ
6062,リズシャメル
6063,リズムオブライフ
6064,リズムフットウェア
6065,リズ リサ
6066,リズリサドール
6067,リゼクシー
6068,リゾイ
6069,リゾネイトグッドイナフ
6070,リゾルト
6071,リタジーンズトウキョウ
6072,リダーク
6073,リチウムオム
6074,リチウムフェム
6075,リチャードチャイ
6076,リック オウエンス
6077,リックオウエンスダークシャドウ
6078,リックオウエンスリリーズ
6079,リッスンフレーバー
6080,リッチ
6081,リッチミーニューヨーク
6082,リッチモンド
6083,リップカール
6084,リップクリアー
6085,リップ サービス
6086,リップスター
6087,リツコシラハマ
6088,リップンディップ
6089,リティラ
6090,リディア
6091,リトゥンアフターワーズ
6092,リトニー
6093,リトモラティーノ
6094,リトルエスティーbyエスティクローゼット
6095,リトルエンブレム
6096,リトルサニーバイト
6097,リトルニューヨーク
6098,リトルミストレス
6099,リドフォルト
6100,リドルフロム
6101,リナジュール
6102,リネアストリア
6103,リネッタ
6104,リハーズオール
6105,リバーアイランド
6106,リバース
6107,リバイタラッシュ
6108,リバイバル
6109,リバティ
6110,リバティーン
6111,リバティ ハウス
6112,リバティードール
6113,リバルテ
6114,リバレンス
6115,リパー ゴアテックス
6116,リヒト
6117,リビアナ コンティ
6118,リビルドバイニードルス
6119,リピード
6120,リフラッティシップス
6121,リフレクト
6122,リブインコンフォート
6123,リプシー
6124,リプリーク
6125,リプリート
6126,リプレイ
6127,リプロダクションアットマークアイ
6128,リプロダクションオブファウンド
6129,リベーチェ
6130,リベットアンドサージ
6131,リベットアンドブルー
6132,リベラファンタジスタ
6133,リベルタス
6134,リベンハム
6135,リボルバー
6136,リミットレスラグジュアリー
6137,リミットティル2359
6138,リミ フゥ
6139,リム
6140,リモワ
6141,リュウスポーツ
6142,リュー デ ベー
6143,リュクス ローズ
6144,リュシアン ペラフィネ
6145,リュデュマイユ
6146,リュデラポンプ
6147,リュリュ
6148,リユース
6149,リュクスブリエ
6150,リラキャンベル
6151,リラックス
6152,リランドチュール
6153,リリアーナ
6154,リリィトゥ
6155,リリイ
6156,リリー ブラウン
6157,リリオープ
6158,リリクローブ
6159,リリシズム
6160,リリディア
6161,リルアーモンド
6162,リルーム
6163,リルコミューン
6164,リルト
6165,リルマーヴ
6166,リルリリー
6167,リレート
6168,リンギオ
6169,リンクイットオール
6170,リン クローバー
6171,リング
6172,リングァフランカ
6173,リンダ
6174,リンダファロー
6175,リヴドロワ
6176,ル ベルニ
6177,ル レーヴ ヴァニレ
6178,ルイ ヴィトン
6179,ルイ シャンタン
6180,ルイジボレッリ
6181,ルイス
6182,ルイスレザー
6183,ルイタシマ
6184,ルイルエブティック
6185,ルゥファ
6186,ルヴィオネ
6187,ルヴォヤージュアンパニエ
6188,ルーカー
6189,ルーカーバイネイバーフッド
6190,ルーシーデイヴィス
6191,ルージュヴィフ
6192,ルージュヴィフラクレ
6193,ルージュヌール
6194,ルージュルー
6195,ルース
6196,ルーディーズ
6197,ルーディギャディ
6198,ルーデルー
6199,ルートート
6200,ルードギャラリー
6201,ルードボーイ
6202,ルーナプレーナ
6203,ルーニィ
6204,ルーバトラム
6205,ループウィラー
6206,ループトウキョウ
6207,ルーミィーズオリジナル
6208,ルームアイヴィー
6209,ルームエイト
6210,ルームサンマルロクコンテンポラリー
6211,ルームヨンマルサン
6212,ルーラー
6213,ルールナンバー925
6214,ルールマラン
6215,ルールロジェット
6216,ルエラ
6217,ルエル
6218,ルオン
6219,ルカ
6220,ル キオネ
6221,ル クールブラン
6222,ルクエ
6223,ルクサージュ
6224,ルクスルフト
6225,ルクラベルージュ
6226,ル グラジック
6227,ルグランブルー
6228,ルケーシー
6229,ルコック スポルティフ
6230,ルコライン
6231,ルコンド
6232,ル サック アダム
6233,ルシアンペラフィネ
6234,ル シェル ブルー
6235,ルシクラージュ
6236,ル ジュール
6237,ル スーク
6238,ルスリー
6239,ルセヤコブセン
6240,ルタロン
6241,ルチアーノロンバルディ
6242,ルチカ
6243,ルッキリル
6244,ルッツ
6245,ルッフォ
6246,ル ティグレ
6247,ルトロワ
6248,ルドルフヴァレンチノ
6249,ルネ
6250,ルノンキュール
6251,ルパートサンダーソン
6252,ルビアム
6253,ルビー
6254,ルビー アンド ユー
6255,ルビーリベット
6256,ルビー ローズ
6257,ルフェテ
6258,ルフト
6259,ルフトローブ
6260,ル ブランシュ
6261,ル ミノア
6262,ルミノール
6263,ルメール
6264,ルラシェ
6265,ルラシェトアフォン
6266,ルラティブマン
6267,ルルウィルビー
6268,ルル ギネス
6269,ルルゲッタ
6270,ルルチェ
6271,ルルレモン
6272,ルージュディアマン
6273,レアクレメント
6274,レアセル
6275,レアック
6276,レアノール
6277,レアルタ
6278,レイイリス
6279,レイール
6280,レイ・カズン
6281,レイカズンフェバリ
6282,レイジ
6283,レイジーオーフ
6284,レイチェルコーミー
6285,レイチェルゾー
6286,レイトンハウス
6287,レイナデカサ
6288,レイバラーシューズ
6289,レイ バン
6290,レイ ビームス
6291,レイブロッサ クラリティ
6292,レイミー
6293,レイモンドバスキア
6294,レイラローズ
6295,レインファブス
6296,レインメーカー
6297,レヴォ
6298,レーベルアンダーコンストラクション
6299,レオナール
6300,レカ
6301,レガートラルゴ
6302,レキサー
6303,レキサミ
6304,レクソン
6305,レクレルールトーキョー
6306,レコパン
6307,レザージュエルズ
6308,レシアージュ
6309,レシス
6310,レジィスタンス
6311,レジエボ
6312,レジェンダ
6313,レジスタンス
6314,レスザンヒューマン
6315,レスト ローズ
6316,レスベンジャミンズ
6317,レスポート サック
6318,レチェ
6319,レックスモーダ
6320,レッセ パッセ
6321,レッドイヤー
6322,レッドヴァレンティノ
6323,レッドカード
6324,レッドキャップ
6325,レッドクローバー
6326,レッドシーム
6327,レッド ペッパー
6328,レッドムーン
6329,レッドライン
6330,レッドリーチュエ
6331,レディアゼル
6332,レディー
6333,レディーアップルシード
6334,レディエニーチェ
6335,レディステディゴー
6336,レディット
6337,レディ メイド
6338,レデッサンドゥデュー
6339,レトロガール
6340,レ　トワール　デュ　ソレイユ
6341,レナートバレストラ
6342,レナードプランク
6343,レナランゲ
6344,レネカオヴィラ
6345,レネレイド
6346,レノマ
6347,レビジュードソフィー
6348,レピスリー
6349,レピドス
6350,レピピ アルマリオ
6351,レファレア
6352,レフラー
6353,レブリカブラック
6354,レプシィム
6355,レプラス
6356,レプレリードパリ
6357,レベッカ テイラー
6358,レベッカミンコフ
6359,レベル エル
6360,レペット
6361,レマーアンドダーレー
6362,レミリー
6363,レミレリーフ
6364,レメルヴェイユーズラデュレ
6365,レモン ツリー
6366,レリアン
6367,レリッシュ
6368,レリューム
6369,レルウェン
6370,レルビエ
6371,レン
6372,レンジャー
6373,ロアーガンズ
6374,ロアデ ローム
6375,ロイスクレヨン
6376,ロイタ
6377,ロイヤル
6378,ロイヤルアッシャーダイヤモンド
6379,ロイヤルアルマニー
6380,ロイヤルオーダー
6381,ロイヤルキャンプ
6382,ロイヤルクラフト
6383,ロイヤルコペンハーゲン
6384,ロイヤルチエ
6385,ロイヤル パーティー
6386,ロイヤルパーティーミューズ
6387,ロイヤルファー
6388,ロイヤルフラッシュ
6389,ロイヤルプッシー
6390,ロウマスタープロダクト
6391,ロウライフ
6392,ロウロウ
6393,ロエベ
6394,ロエン
6395,ローヴス
6396,ローカ
6397,ローカル セレブリティー
6398,ローガン
6399,ローク
6400,ロージーヒップ
6401,ローズ オットー
6402,ローズガール
6403,ローズティアラ
6404,ローズ バッド
6405,ローズバッドカップルズ
6406,ローズ ファン ファン
6407,ローズブリット
6408,ロータ
6409,ロータス
6410,ロータリーグループ
6411,ロートレアモン
6412,ロートレショーズ
6413,ローバ
6414,ローパワー
6415,ローファッジ
6416,ローフー
6417,ローブ
6418,ローブスコンフェクションズ
6419,ロープスアンバス
6420,ローマ
6421,ローム
6422,ローラ
6423,ローラアシュレイ
6424,ローラディマッジオ
6425,ローランドベリー
6426,ローランムレ
6427,ローリーズ ファーム
6428,ローリーロドキン
6429,ローリンハード
6430,ロール
6431,ローレンスコット
6432,ローレンスドリジェ
6433,ローレンラルフローレン
6434,ローンウルフ
6435,ロカ ウェア
6436,ロキエ
6437,ロキシー
6438,ロキト
6439,ロギーケイ
6440,ロクステ
6441,ロクビューティアンドユースユナイテッドアローズ
6442,ロクブンノイチケイカク
6443,ロクマルサン
6444,ログロム
6445,ロケッツ
6446,ロココ
6447,ロコネイル
6448,ロサーゼン
6449,ロサモサ
6450,ロザリームーン
6451,ロシカリエ
6452,ロシャス
6453,ロジータ
6454,ロジェヴィヴィエ
6455,ロジェ デュブイ
6456,ロジャーアンドロウ
6457,ロストデッサウ
6458,ロダニア
6459,ロダルタ
6460,ロッカーズディライト
6461,ロッキーアメリカンマーケット
6462,ロッキーマウンテンフェザーベッド
6463,ロック アンド リパブリック
6464,ロックスター
6465,ロックステディー
6466,ロックスミス
6467,ロックハード
6468,ロックマウント
6469,ロッコバロッコ
6470,ロッソ
6471,ロットホルン
6472,ロットラム
6473,ロッキーモンロー
6474,ロッド
6475,ロディスポット
6476,ロデオクラウンズ
6477,ロデオクラウンズワイドボウル
6478,ロデスコ
6479,ロド
6480,ロノ
6481,ロバートゲラー
6482,ロバートフレーザー
6483,ロバートロドリゲス
6484,ロビンズジーン
6485,ロビンビューbyプライムミッション
6486,ロピフムラウ
6487,ロフラーランドール
6488,ロブス
6489,ロベールクレジュリー
6490,ロベルタディカメリーノ
6491,ロベルタピエリ
6492,ロベルト カバッリ
6493,ロベルトコリーナ
6494,ロベルトデルカルロ
6495,ロペ
6496,ロペピクニック
6497,ロペマドモアゼル
6498,ロマーク
6499,ロマンティッククラウン
6500,ロマンティックスタンダード
6501,ロミィジュリエッタ
6502,ロメオジリ
6503,ロリック
6504,ロリンザ
6505,ロレート
6506,ロレックス
6507,ロロ
6508,ロロ ピアーナ
6509,ロンシャン
6510,ロンジン
6511,ロンズデール
6512,ロンドベリー
6513,ロンドンソール
6514,ロンハーマン
6515,ロンハーマンヴィンテージ
6516,ロヴィ
6517,ワークス
6518,ワームデザインラボ
6519,ワールドオーダー
6520,ワールド ワイド ラブ！
6521,ワイアールジー
6522,ワイアールユー
6523,ワイエムシー
6524,Y-3
6525,ワイズ
6526,ワイズフォーメン
6527,ワイルドフォックス
6528,ワイレッド
6529,ワオ
6530,ワカナコイケ
6531,ワグ
6532,ワコール
6533,ワゴン
6534,ワットゴーズアラウンドカムズアラウンド
6535,ワノナノ
6536,倭物や カヤ
6537,ワラワラスポーツ
6538,ワンアフターアナザーナイスクラップ
6539,ワン　ウェイ
6540,ワンエルディーケーセレクト
6541,ワングラビティ
6542,ワンスアポンアタイム
6543,ワン　スポ
6544,ワンダーエイト
6545,ワンダークラッドアイエヌシー
6546,ワンダー　ロケット
6547,ワンティースプーン
6548,ワンデイケーエムシー
6549,ワントゥルーサクソン
6550,ワントゥテンピープル
6551,ワンマイル
6552,ヴァイナルアーカイブ
6553,ヴァイバー
6554,ヴァルチャージャーナルスタンダード
6555,ヴァヤコンディオス
6556,ヴァルゴウェアワークス
6557,ヴァンスエクスチェンジ
6558,ヴィアジェイ
6559,ヴィータフェリーチェ
6560,ヴィセンテ
6561,ヴィヴィアン
6562,三愛水着楽園
6563,179ダブリュジー
6564,17℃
6565,1975トーキョー
6566,1パーセント
6567,1メートルキャレ
6568,22 オクトーブル
6569,23区
6570,24カラッツ
6571,2オンス
6572,2パーセント トウキョウ
6573,2ビーフリー
6574,3カン4オン
6575,3ドバイヴァンキッシュ
6576,スリーワン フィリップ リム
6577,トランテアン ソン ドゥ モード
6578,45 アールピーエム
6579,4℃
6580,5351プールオム
6581,5351プールオムエラ　ファム
6582,55ディーゼル
6583,575デニム
6584,7フォーオールマンカインド
6585,7ユニオン
6586,877*7(バナナセブン)
6587,88ズ